Time,Bms_Life,SumVoltage,Current,SOC,ChgMOS,DisChgMOS,SerialNum,TempNum,RemainCap,MaxV,MaxV_No,MinV,MinV_No,MaxT,MaxT_No,MinT,MinT_No,CellV_1,CellV_2,CellV_3,CellV_4,CellV_5,CellV_6,CellV_7,CellV_8,CellV_9,CellV_10,CellV_11,CellV_12,CellV_13,CellV_14,CellV_15,CellV_16,CellV_17,CellV_18,CellV_19,CellV_20,CellV_21,CellV_22,CellV_23,CellV_24,Temp_1,ErrCode1,ErrCode2,ErrCode3,ErrCode4,ErrCode5,ErrCode6,ErrCode7,ErrCode8,CycleTime,DI1,DI2,DI3,DI4,DO1,DO2,DO3,DO4,BoardNum
20:40:05,167,78,3,0,48,8,OFF,OFF,24,1,43,92,3,286,1,3,259,14,24,1,24,1,3,286,3,26,3,262,3,262,3,264,3,264,3,26,3,262,3,262,3,262,3,262,3,262,3,262,3,259,3,262,3,262,3,265,3,261,3,26,3,262,3,262,3,262,3,26,3,262,,0,0,0,0,0,0,0,0,0,OFF,ON,OFF,OFF,OFF,OFF,OFF,OFF,1
20:40:08,169,78,3,0,48,8,OFF,OFF,24,1,43,92,3,286,1,3,259,14,24,1,24,1,3,286,3,26,3,262,3,262,3,264,3,264,3,26,3,262,3,262,3,262,3,262,3,262,3,262,3,259,3,262,3,262,3,265,3,261,3,26,3,262,3,262,3,262,3,26,3,262,24,0,0,0,0,0,0,16,0,0,OFF,ON,OFF,OFF,OFF,OFF,OFF,OFF,1
20:40:10,171,78,3,0,48,8,OFF,OFF,24,1,43,92,3,286,1,3,259,14,24,1,24,1,3,286,3,26,3,262,3,262,3,264,3,264,3,26,3,262,3,262,3,262,3,262,3,262,3,262,3,259,3,262,3,262,3,264,3,26,3,26,3,262,3,262,3,262,3,26,3,262,24,0,0,0,0,0,0,16,0,0,OFF,ON,OFF,OFF,OFF,OFF,OFF,OFF,1
20:40:12,173,78,3,0,48,8,OFF,OFF,24,1,43,92,3,286,1,3,259,14,24,1,24,1,3,286,3,26,3,262,3,262,3,264,3,264,3,26,3,262,3,262,3,262,3,262,3,262,3,262,3,259,3,262,3,262,3,264,3,26,3,26,3,262,3,262,3,262,3,26,3,262,24,0,0,0,0,0,0,16,0,0,OFF,ON,OFF,OFF,OFF,OFF,OFF,OFF,1
20:40:13,174,78,3,0,48,8,OFF,OFF,24,1,43,92,3,286,1,3,259,14,24,1,24,1,3,286,3,26,3,262,3,262,3,264,3,264,3,26,3,262,3,262,3,262,3,262,3,262,3,262,3,259,3,262,3,262,3,265,3,26,3,26,3,262,3,262,3,262,3,26,3,262,24,0,0,0,0,0,0,16,0,0,OFF,ON,OFF,OFF,OFF,OFF,OFF,OFF,1
20:40:15,176,78,3,0,48,8,OFF,OFF,24,1,43,92,3,286,1,3,259,14,24,1,24,1,3,286,3,26,3,262,3,262,3,264,3,264,3,26,3,262,3,262,3,262,3,262,3,262,3,262,3,259,3,262,3,262,3,264,3,26,3,26,3,262,3,262,3,262,3,26,3,262,24,0,0,0,0,0,0,16,0,0,OFF,ON,OFF,OFF,OFF,OFF,OFF,OFF,1
20:40:16,178,78,3,0,48,8,OFF,OFF,24,1,43,92,3,286,1,3,259,14,24,1,24,1,3,286,3,26,3,262,3,262,3,264,3,264,3,26,3,262,3,262,3,262,3,262,3,262,3,262,3,259,3,262,3,262,3,264,3,26,3,26,3,262,3,262,3,262,3,26,3,262,24,0,0,0,0,0,0,16,0,0,OFF,ON,OFF,OFF,OFF,OFF,OFF,OFF,1
20:40:18,179,78,3,0,48,8,OFF,OFF,24,1,43,92,3,286,1,3,259,14,24,1,24,1,3,286,3,26,3,262,3,262,3,264,3,264,3,26,3,262,3,262,3,262,3,262,3,262,3,262,3,259,3,262,3,262,3,264,3,26,3,26,3,262,3,262,3,262,3,26,3,262,24,0,0,0,0,0,0,16,0,0,OFF,ON,OFF,OFF,OFF,OFF,OFF,OFF,1
20:40:19,181,78,3,0,48,8,OFF,OFF,24,1,43,92,3,286,1,3,259,14,24,1,24,1,3,286,3,26,3,262,3,262,3,264,3,264,3,26,3,262,3,262,3,262,3,262,3,262,3,262,3,259,3,262,3,262,3,264,3,26,3,26,3,262,3,262,3,262,3,26,3,262,24,0,0,0,0,0,0,16,0,0,OFF,ON,OFF,OFF,OFF,OFF,OFF,OFF,1
20:40:21,182,78,3,0,48,8,OFF,OFF,24,1,43,92,3,286,1,3,259,14,24,1,24,1,3,286,3,26,3,262,3,262,3,264,3,264,3,26,3,262,3,262,3,262,3,262,3,262,3,262,3,259,3,262,3,262,3,265,3,26,3,26,3,262,3,262,3,262,3,26,3,262,24,0,0,0,0,0,0,16,0,0,OFF,ON,OFF,OFF,OFF,OFF,OFF,OFF,1
20:40:23,184,78,3,0,48,8,OFF,OFF,24,1,43,92,3,286,1,3,259,14,24,1,24,1,3,286,3,26,3,262,3,262,3,264,3,264,3,26,3,262,3,262,3,262,3,262,3,262,3,262,3,259,3,262,3,262,3,264,3,261,3,26,3,262,3,262,3,262,3,26,3,262,24,0,0,0,0,0,0,16,0,0,OFF,ON,OFF,OFF,OFF,OFF,OFF,OFF,1
20:40:24,186,78,3,0,48,8,OFF,OFF,24,1,43,92,3,286,1,3,259,14,24,1,24,1,3,286,3,26,3,262,3,262,3,264,3,264,3,26,3,262,3,262,3,262,3,262,3,262,3,262,3,259,3,262,3,262,3,264,3,261,3,26,3,262,3,262,3,262,3,26,3,262,24,0,0,0,0,0,0,16,0,0,OFF,ON,OFF,OFF,OFF,OFF,OFF,OFF,1
20:40:26,187,78,3,0,48,8,OFF,OFF,24,1,43,92,3,286,1,3,258,14,24,1,24,1,3,286,3,26,3,262,3,262,3,264,3,264,3,26,3,262,3,262,3,262,3,262,3,262,3,262,3,259,3,262,3,262,3,264,3,26,3,26,3,262,3,262,3,262,3,26,3,262,24,0,0,0,0,0,0,16,0,0,OFF,ON,OFF,OFF,OFF,OFF,OFF,OFF,1
20:40:28,189,78,3,0,48,8,OFF,OFF,24,1,43,92,3,286,1,3,259,14,24,1,24,1,3,286,3,26,3,262,3,262,3,264,3,264,3,26,3,262,3,262,3,262,3,262,3,262,3,262,3,259,3,262,3,262,3,264,3,26,3,26,3,262,3,262,3,262,3,26,3,262,24,0,0,0,0,0,0,16,0,0,OFF,ON,OFF,OFF,OFF,OFF,OFF,OFF,1
20:40:29,191,78,3,0,48,8,OFF,OFF,24,1,43,92,3,286,1,3,259,14,24,1,24,1,3,286,3,26,3,262,3,262,3,264,3,264,3,26,3,262,3,262,3,262,3,262,3,262,3,262,3,259,3,262,3,262,3,264,3,26,3,26,3,262,3,262,3,262,3,26,3,262,24,0,0,0,0,0,0,16,0,0,OFF,ON,OFF,OFF,OFF,OFF,OFF,OFF,1
20:40:32,194,78,3,0,48,8,OFF,OFF,24,1,43,92,3,286,1,3,259,14,24,1,24,1,3,286,3,26,3,262,3,262,3,264,3,264,3,26,3,262,3,262,3,262,3,262,3,262,3,262,3,259,3,262,3,262,3,264,3,26,3,26,3,262,3,262,3,262,3,26,3,262,24,0,0,0,0,0,0,16,0,0,OFF,ON,OFF,OFF,OFF,OFF,OFF,OFF,1
20:40:34,195,78,3,0,48,8,OFF,OFF,24,1,43,92,3,286,1,3,259,14,24,1,24,1,3,286,3,26,3,262,3,262,3,264,3,264,3,26,3,262,3,262,3,262,3,262,3,262,3,262,3,259,3,262,3,262,3,264,3,26,3,26,3,262,3,262,3,262,3,26,3,262,24,0,0,0,0,0,0,16,0,0,OFF,ON,OFF,OFF,OFF,OFF,OFF,OFF,1
20:40:36,197,78,3,0,48,8,OFF,OFF,24,1,43,92,3,286,1,3,259,14,24,1,24,1,3,286,3,26,3,262,3,262,3,264,3,264,3,26,3,262,3,262,3,262,3,262,3,262,3,262,3,259,3,262,3,262,3,264,3,261,3,26,3,262,3,262,3,262,3,26,3,262,24,0,0,0,0,0,0,16,0,0,OFF,ON,OFF,OFF,OFF,OFF,OFF,OFF,1
20:40:37,199,78,3,0,48,8,OFF,OFF,24,1,43,92,3,286,1,3,259,14,24,1,24,1,3,286,3,26,3,262,3,262,3,264,3,264,3,26,3,262,3,262,3,262,3,262,3,262,3,262,3,259,3,262,3,262,3,264,3,26,3,26,3,262,3,262,3,262,3,26,3,262,24,0,0,0,0,0,0,16,0,0,OFF,ON,OFF,OFF,OFF,OFF,OFF,OFF,1
20:40:39,200,78,3,0,48,8,OFF,OFF,24,1,43,92,3,286,1,3,259,14,24,1,24,1,3,286,3,26,3,262,3,262,3,264,3,264,3,26,3,262,3,262,3,262,3,262,3,262,3,262,3,259,3,262,3,262,3,264,3,26,3,26,3,262,3,262,3,262,3,26,3,262,24,0,0,0,0,0,0,16,0,0,OFF,ON,OFF,OFF,OFF,OFF,OFF,OFF,1
20:40:40,202,78,3,0,48,8,OFF,OFF,24,1,43,92,3,286,1,3,258,14,24,1,24,1,3,286,3,26,3,262,3,262,3,264,3,264,3,26,3,262,3,262,3,262,3,262,3,262,3,262,3,259,3,262,3,262,3,264,3,26,3,26,3,262,3,262,3,262,3,26,3,262,24,0,0,0,0,0,0,16,0,0,OFF,ON,OFF,OFF,OFF,OFF,OFF,OFF,1
20:40:42,203,78,3,0,48,8,OFF,OFF,24,1,43,92,3,286,1,3,259,14,24,1,24,1,3,286,3,26,3,262,3,262,3,264,3,264,3,26,3,262,3,262,3,262,3,262,3,262,3,262,3,259,3,262,3,262,3,264,3,26,3,26,3,262,3,262,3,262,3,26,3,262,24,0,0,0,0,0,0,16,0,0,OFF,ON,OFF,OFF,OFF,OFF,OFF,OFF,1
20:40:43,205,78,3,0,48,8,OFF,OFF,24,1,43,92,3,286,1,3,259,14,24,1,24,1,3,286,3,26,3,262,3,262,3,264,3,264,3,26,3,262,3,262,3,262,3,262,3,262,3,262,3,259,3,262,3,262,3,264,3,26,3,26,3,262,3,262,3,262,3,26,3,262,24,0,0,0,0,0,0,16,0,0,OFF,ON,OFF,OFF,OFF,OFF,OFF,OFF,1
20:40:45,207,78,3,0,48,8,OFF,OFF,24,1,43,92,3,286,1,3,259,14,24,1,24,1,3,286,3,26,3,262,3,262,3,264,3,264,3,26,3,262,3,262,3,262,3,262,3,262,3,262,3,259,3,262,3,262,3,264,3,261,3,26,3,262,3,262,3,262,3,26,3,262,24,0,0,0,0,0,0,16,0,0,OFF,ON,OFF,OFF,OFF,OFF,OFF,OFF,1
20:40:47,208,78,3,0,48,8,OFF,OFF,24,1,43,92,3,286,1,3,259,14,24,1,24,1,3,286,3,26,3,262,3,262,3,264,3,264,3,26,3,262,3,262,3,262,3,262,3,262,3,262,3,259,3,262,3,262,3,264,3,26,3,26,3,262,3,262,3,262,3,26,3,262,24,0,0,0,0,0,0,16,0,0,OFF,ON,OFF,OFF,OFF,OFF,OFF,OFF,1
20:40:48,210,78,3,0,48,8,OFF,OFF,24,1,43,92,3,286,1,3,259,14,24,1,24,1,3,286,3,26,3,262,3,262,3,264,3,264,3,26,3,262,3,262,3,262,3,262,3,262,3,262,3,259,3,262,3,262,3,264,3,26,3,26,3,262,3,262,3,262,3,26,3,262,24,0,0,0,0,0,0,16,0,0,OFF,ON,OFF,OFF,OFF,OFF,OFF,OFF,1
20:40:50,211,78,3,0,48,8,OFF,OFF,24,1,43,92,3,286,1,3,259,14,24,1,24,1,3,286,3,26,3,262,3,262,3,264,3,264,3,26,3,262,3,262,3,262,3,262,3,262,3,262,3,259,3,262,3,262,3,264,3,261,3,26,3,262,3,262,3,262,3,26,3,262,24,0,0,0,0,0,0,16,0,0,OFF,ON,OFF,OFF,OFF,OFF,OFF,OFF,1
20:40:51,213,78,3,0,48,8,OFF,OFF,24,1,43,92,3,286,1,3,259,14,24,1,24,1,3,286,3,26,3,262,3,262,3,264,3,264,3,26,3,262,3,262,3,262,3,262,3,262,3,262,3,259,3,262,3,262,3,264,3,261,3,26,3,262,3,262,3,262,3,26,3,262,24,0,0,0,0,0,0,16,0,0,OFF,ON,OFF,OFF,OFF,OFF,OFF,OFF,1
20:40:53,214,78,3,0,48,8,OFF,OFF,24,1,43,92,3,286,1,3,259,14,24,1,24,1,3,286,3,26,3,262,3,262,3,264,3,264,3,26,3,262,3,262,3,262,3,262,3,262,3,262,3,259,3,262,3,262,3,264,3,26,3,26,3,262,3,262,3,262,3,26,3,262,24,0,0,0,0,0,0,16,0,0,OFF,ON,OFF,OFF,OFF,OFF,OFF,OFF,1
20:40:54,216,78,3,0,48,8,OFF,OFF,24,1,43,92,3,286,1,3,259,14,24,1,24,1,3,286,3,26,3,262,3,262,3,264,3,264,3,26,3,262,3,262,3,262,3,262,3,262,3,262,3,259,3,262,3,262,3,264,3,26,3,26,3,262,3,262,3,262,3,26,3,262,24,0,0,0,0,0,0,16,0,0,OFF,ON,OFF,OFF,OFF,OFF,OFF,OFF,1
20:40:56,217,78,3,0,48,8,OFF,OFF,24,1,43,92,3,286,1,3,259,14,24,1,24,1,3,286,3,26,3,262,3,262,3,264,3,264,3,26,3,262,3,262,3,262,3,262,3,262,3,262,3,259,3,262,3,262,3,264,3,261,3,26,3,262,3,262,3,262,3,26,3,262,24,0,0,0,0,0,0,16,0,0,OFF,ON,OFF,OFF,OFF,OFF,OFF,OFF,1
20:40:57,219,78,3,0,48,8,OFF,OFF,24,1,43,92,3,286,1,3,259,14,24,1,24,1,3,286,3,26,3,262,3,262,3,264,3,264,3,26,3,262,3,262,3,262,3,262,3,262,3,262,3,259,3,262,3,262,3,264,3,261,3,26,3,262,3,262,3,262,3,26,3,262,24,0,0,0,0,0,0,16,0,0,OFF,ON,OFF,OFF,OFF,OFF,OFF,OFF,1
20:40:59,220,78,3,0,48,8,OFF,OFF,24,1,43,92,3,286,1,3,259,14,24,1,24,1,3,286,3,26,3,262,3,262,3,264,3,264,3,26,3,262,3,262,3,262,3,262,3,262,3,262,3,259,3,262,3,262,3,264,3,261,3,26,3,262,3,262,3,262,3,26,3,262,24,0,0,0,0,0,0,16,0,0,OFF,ON,OFF,OFF,OFF,OFF,OFF,OFF,1
20:41:00,222,78,3,0,48,8,OFF,OFF,24,1,43,92,3,286,1,3,259,14,24,1,24,1,3,286,3,26,3,262,3,262,3,264,3,264,3,26,3,262,3,262,3,262,3,262,3,262,3,262,3,259,3,262,3,262,3,264,3,261,3,26,3,262,3,262,3,262,3,26,3,262,24,0,0,0,0,0,0,16,0,0,OFF,ON,OFF,OFF,OFF,OFF,OFF,OFF,1
20:41:02,224,78,3,0,48,8,OFF,OFF,24,1,43,92,3,286,1,3,259,14,24,1,24,1,3,286,3,26,3,262,3,262,3,264,3,264,3,26,3,262,3,262,3,262,3,262,3,262,3,262,3,259,3,262,3,262,3,264,3,26,3,26,3,263,3,262,3,262,3,26,3,262,24,0,0,0,0,0,0,16,0,0,OFF,ON,OFF,OFF,OFF,OFF,OFF,OFF,1
20:41:03,225,78,3,0,48,8,OFF,OFF,24,1,43,92,3,286,1,3,259,14,24,1,24,1,3,286,3,26,3,262,3,262,3,264,3,264,3,26,3,262,3,262,3,262,3,262,3,262,3,262,3,259,3,262,3,262,3,264,3,26,3,26,3,263,3,262,3,262,3,26,3,262,24,0,0,0,0,0,0,16,0,0,OFF,ON,OFF,OFF,OFF,OFF,OFF,OFF,1
20:41:05,227,78,3,0,48,8,OFF,OFF,24,1,43,92,3,286,1,3,259,14,24,1,24,1,3,286,3,26,3,262,3,262,3,264,3,264,3,26,3,262,3,262,3,262,3,262,3,262,3,262,3,259,3,262,3,262,3,264,3,261,3,26,3,262,3,262,3,262,3,26,3,262,24,0,0,0,0,0,0,16,0,0,OFF,ON,OFF,OFF,OFF,OFF,OFF,OFF,1
20:41:07,228,78,3,0,48,8,OFF,OFF,24,1,43,92,3,286,1,3,259,14,24,1,24,1,3,286,3,26,3,262,3,262,3,264,3,264,3,26,3,262,3,262,3,262,3,262,3,262,3,262,3,259,3,262,3,262,3,264,3,261,3,26,3,262,3,262,3,262,3,26,3,262,24,0,0,0,0,0,0,16,0,0,OFF,ON,OFF,OFF,OFF,OFF,OFF,OFF,1
20:41:09,230,78,3,0,48,8,OFF,OFF,24,1,43,92,3,286,1,3,259,14,24,1,24,1,3,286,3,26,3,262,3,262,3,264,3,264,3,26,3,262,3,262,3,262,3,262,3,262,3,262,3,259,3,262,3,262,3,265,3,26,3,26,3,262,3,262,3,262,3,26,3,262,24,0,0,0,0,0,0,16,0,0,OFF,ON,OFF,OFF,OFF,OFF,OFF,OFF,1
20:41:10,232,78,3,0,48,8,OFF,OFF,24,1,43,92,3,286,1,3,259,14,24,1,24,1,3,286,3,26,3,262,3,262,3,264,3,264,3,26,3,262,3,262,3,262,3,262,3,262,3,262,3,259,3,262,3,262,3,265,3,26,3,26,3,262,3,262,3,262,3,26,3,262,24,0,0,0,0,0,0,16,0,0,OFF,ON,OFF,OFF,OFF,OFF,OFF,OFF,1
20:41:12,234,78,3,0,48,8,OFF,OFF,24,1,43,92,3,286,1,3,259,14,24,1,24,1,3,286,3,26,3,262,3,262,3,264,3,264,3,26,3,262,3,262,3,262,3,262,3,262,3,262,3,259,3,262,3,262,3,264,3,26,3,26,3,263,3,262,3,262,3,26,3,262,24,0,0,0,0,0,0,16,0,0,OFF,ON,OFF,OFF,OFF,OFF,OFF,OFF,1
20:41:14,235,78,3,0,48,8,OFF,OFF,24,1,43,92,3,286,1,3,259,14,24,1,24,1,3,286,3,26,3,262,3,262,3,264,3,264,3,26,3,262,3,262,3,262,3,262,3,262,3,262,3,259,3,262,3,262,3,264,3,261,3,26,3,263,3,262,3,262,3,26,3,262,24,0,0,0,0,0,0,16,0,0,OFF,ON,OFF,OFF,OFF,OFF,OFF,OFF,1
20:41:15,237,78,3,0,48,8,OFF,OFF,24,1,43,92,3,286,1,3,259,14,24,1,24,1,3,286,3,26,3,262,3,262,3,264,3,264,3,26,3,262,3,262,3,262,3,262,3,262,3,262,3,259,3,262,3,262,3,264,3,261,3,26,3,263,3,262,3,262,3,26,3,262,24,0,0,0,0,0,0,16,0,0,OFF,ON,OFF,OFF,OFF,OFF,OFF,OFF,1
20:41:24,246,78,3,0,48,8,OFF,OFF,24,1,43,92,3,286,1,3,259,14,24,1,24,1,3,286,3,26,3,262,3,262,3,264,3,264,3,26,3,262,3,262,3,262,3,262,3,262,3,262,3,259,3,262,3,262,3,265,3,26,3,26,3,262,3,262,3,262,3,26,3,262,24,0,0,0,0,0,0,16,0,0,OFF,ON,OFF,OFF,OFF,OFF,OFF,OFF,1
20:41:26,248,78,3,0,48,8,OFF,OFF,24,1,43,92,3,286,1,3,259,14,24,1,24,1,3,286,3,26,3,262,3,262,3,264,3,264,3,26,3,262,3,262,3,262,3,262,3,262,3,262,3,259,3,262,3,262,3,265,3,26,3,26,3,262,3,262,3,262,3,26,3,262,24,0,0,0,0,0,0,16,0,0,OFF,ON,OFF,OFF,OFF,OFF,OFF,OFF,1
20:41:27,249,78,3,0,48,8,OFF,OFF,24,1,43,92,3,286,1,3,259,14,24,1,24,1,3,286,3,26,3,262,3,262,3,264,3,264,3,26,3,262,3,262,3,262,3,262,3,262,3,262,3,259,3,262,3,262,3,265,3,26,3,26,3,262,3,262,3,262,3,26,3,262,24,0,0,0,0,0,0,16,0,0,OFF,ON,OFF,OFF,OFF,OFF,OFF,OFF,1
20:41:29,251,78,3,0,48,8,OFF,OFF,24,1,43,92,3,286,1,3,259,14,24,1,24,1,3,286,3,26,3,262,3,262,3,264,3,264,3,26,3,262,3,262,3,262,3,262,3,262,3,262,3,259,3,262,3,262,3,264,3,26,3,26,3,262,3,262,3,262,3,26,3,262,24,0,0,0,0,0,0,16,0,0,OFF,ON,OFF,OFF,OFF,OFF,OFF,OFF,1
20:41:30,252,78,3,0,48,8,OFF,OFF,24,1,43,92,3,286,1,3,259,14,24,1,24,1,3,286,3,26,3,262,3,262,3,264,3,264,3,26,3,262,3,262,3,262,3,262,3,262,3,262,3,259,3,262,3,262,3,264,3,26,3,26,3,262,3,262,3,262,3,26,3,262,24,0,0,0,0,0,0,16,0,0,OFF,ON,OFF,OFF,OFF,OFF,OFF,OFF,1
20:41:32,254,78,3,0,48,8,OFF,OFF,24,1,43,92,3,286,1,3,259,14,24,1,24,1,3,286,3,26,3,262,3,262,3,264,3,264,3,26,3,262,3,262,3,262,3,262,3,262,3,262,3,259,3,262,3,262,3,264,3,261,3,26,3,262,3,262,3,262,3,26,3,262,24,0,0,0,0,0,0,16,0,0,OFF,ON,OFF,OFF,OFF,OFF,OFF,OFF,1
20:41:35,1,78,3,0,48,8,OFF,OFF,24,1,43,92,3,286,1,3,259,14,24,1,24,1,3,286,3,26,3,262,3,262,3,264,3,264,3,26,3,262,3,262,3,262,3,262,3,262,3,262,3,259,3,262,3,262,3,264,3,26,3,26,3,262,3,262,3,262,3,26,3,262,24,0,0,0,0,0,0,16,0,0,OFF,ON,OFF,OFF,OFF,OFF,OFF,OFF,1
20:41:37,3,78,3,0,48,8,OFF,OFF,24,1,43,92,3,286,1,3,259,14,24,1,24,1,3,286,3,26,3,262,3,262,3,264,3,264,3,26,3,262,3,262,3,262,3,262,3,262,3,262,3,259,3,262,3,262,3,264,3,26,3,26,3,262,3,262,3,262,3,26,3,262,24,0,0,0,0,0,0,16,0,0,OFF,ON,OFF,OFF,OFF,OFF,OFF,OFF,1
20:41:38,4,78,3,0,48,8,OFF,OFF,24,1,43,92,3,286,1,3,259,14,24,1,24,1,3,286,3,26,3,262,3,262,3,264,3,264,3,26,3,262,3,262,3,262,3,262,3,262,3,262,3,259,3,262,3,262,3,264,3,26,3,26,3,262,3,262,3,262,3,26,3,262,24,0,0,0,0,0,0,16,0,0,OFF,ON,OFF,OFF,OFF,OFF,OFF,OFF,1
20:41:40,6,78,3,0,48,8,OFF,OFF,24,1,43,92,3,286,1,3,259,14,24,1,24,1,3,286,3,26,3,262,3,262,3,264,3,264,3,26,3,262,3,262,3,262,3,262,3,262,3,262,3,259,3,262,3,262,3,265,3,261,3,26,3,262,3,262,3,262,3,26,3,262,24,0,0,0,0,0,0,16,0,0,OFF,ON,OFF,OFF,OFF,OFF,OFF,OFF,1
20:41:42,8,78,3,0,48,8,OFF,OFF,24,1,43,92,3,286,1,3,259,14,24,1,24,1,3,286,3,26,3,262,3,262,3,264,3,264,3,26,3,262,3,262,3,262,3,262,3,262,3,262,3,259,3,262,3,262,3,264,3,261,3,26,3,262,3,262,3,262,3,26,3,262,24,0,0,0,0,0,0,16,0,0,OFF,ON,OFF,OFF,OFF,OFF,OFF,OFF,1
20:41:43,9,78,3,0,48,8,OFF,OFF,24,1,43,92,3,286,1,3,259,14,24,1,24,1,3,286,3,26,3,262,3,262,3,264,3,264,3,26,3,262,3,262,3,262,3,262,3,262,3,262,3,259,3,262,3,262,3,264,3,261,3,26,3,262,3,262,3,262,3,26,3,262,24,0,0,0,0,0,0,16,0,0,OFF,ON,OFF,OFF,OFF,OFF,OFF,OFF,1
20:41:45,11,78,3,0,48,8,OFF,OFF,24,1,43,92,3,286,1,3,259,14,24,1,24,1,3,286,3,26,3,262,3,262,3,264,3,264,3,26,3,262,3,262,3,262,3,262,3,262,3,262,3,259,3,262,3,262,3,264,3,26,3,26,3,262,3,262,3,262,3,26,3,262,24,0,0,0,0,0,0,16,0,0,OFF,ON,OFF,OFF,OFF,OFF,OFF,OFF,1
20:41:46,12,78,3,0,48,8,OFF,OFF,24,1,43,92,3,286,1,3,259,14,24,1,24,1,3,286,3,26,3,262,3,262,3,264,3,264,3,26,3,262,3,262,3,262,3,262,3,262,3,262,3,259,3,262,3,262,3,264,3,26,3,26,3,262,3,262,3,262,3,26,3,262,24,0,0,0,0,0,0,16,0,0,OFF,ON,OFF,OFF,OFF,OFF,OFF,OFF,1
20:41:48,14,78,3,0,48,8,OFF,OFF,24,1,43,92,3,286,1,3,259,14,24,1,24,1,3,286,3,26,3,262,3,262,3,264,3,264,3,26,3,262,3,262,3,262,3,262,3,262,3,262,3,259,3,262,3,262,3,265,3,26,3,26,3,262,3,262,3,262,3,26,3,262,24,0,0,0,0,0,0,16,0,0,OFF,ON,OFF,OFF,OFF,OFF,OFF,OFF,1
20:41:49,15,78,3,0,48,8,OFF,OFF,24,1,43,92,3,286,1,3,259,14,24,1,24,1,3,286,3,26,3,262,3,262,3,264,3,264,3,26,3,262,3,262,3,262,3,262,3,262,3,262,3,259,3,262,3,262,3,265,3,26,3,26,3,262,3,262,3,262,3,26,3,262,24,0,0,0,0,0,0,16,0,0,OFF,ON,OFF,OFF,OFF,OFF,OFF,OFF,1
20:41:51,17,78,3,0,48,8,OFF,OFF,24,1,43,92,3,286,1,3,259,14,24,1,24,1,3,286,3,26,3,262,3,262,3,264,3,264,3,26,3,262,3,262,3,262,3,262,3,262,3,262,3,259,3,262,3,262,3,264,3,261,3,26,3,262,3,262,3,262,3,26,3,262,24,0,0,0,0,0,0,16,0,0,OFF,ON,OFF,OFF,OFF,OFF,OFF,OFF,1
20:41:53,19,78,3,0,48,8,OFF,OFF,24,1,43,92,3,286,1,3,259,14,24,1,24,1,3,286,3,26,3,262,3,262,3,264,3,264,3,26,3,262,3,262,3,262,3,262,3,262,3,262,3,259,3,262,3,262,3,264,3,261,3,26,3,262,3,262,3,262,3,26,3,262,24,0,0,0,0,0,0,16,0,0,OFF,ON,OFF,OFF,OFF,OFF,OFF,OFF,1
20:41:54,20,78,3,0,48,8,OFF,OFF,24,1,43,92,3,286,1,3,259,14,24,1,24,1,3,286,3,26,3,262,3,262,3,264,3,264,3,26,3,262,3,262,3,262,3,262,3,262,3,262,3,259,3,262,3,262,3,264,3,261,3,26,3,262,3,262,3,262,3,26,3,262,24,0,0,0,0,0,0,16,0,0,OFF,ON,OFF,OFF,OFF,OFF,OFF,OFF,1
20:41:57,22,78,3,0,48,8,OFF,OFF,24,1,43,92,3,286,1,3,259,14,24,1,24,1,3,286,3,26,3,262,3,262,3,264,3,264,3,26,3,262,3,262,3,262,3,262,3,262,3,262,3,259,3,262,3,262,3,264,3,26,3,26,3,262,3,262,3,262,3,26,3,262,24,0,0,0,0,0,0,16,0,0,OFF,ON,OFF,OFF,OFF,OFF,OFF,OFF,1
20:41:59,24,78,3,0,48,8,OFF,OFF,24,1,43,92,3,286,1,3,259,14,24,1,24,1,3,286,3,26,3,262,3,262,3,264,3,264,3,26,3,262,3,262,3,262,3,262,3,262,3,262,3,259,3,262,3,262,3,264,3,261,3,26,3,262,3,262,3,262,3,26,3,262,24,0,0,0,0,0,0,16,0,0,OFF,ON,OFF,OFF,OFF,OFF,OFF,OFF,1
20:42:00,25,78,3,0,48,8,OFF,OFF,24,1,43,92,3,286,1,3,259,14,24,1,24,1,3,286,3,26,3,262,3,262,3,264,3,264,3,26,3,262,3,262,3,262,3,262,3,262,3,262,3,259,3,262,3,262,3,265,3,261,3,26,3,262,3,262,3,262,3,26,3,262,24,0,0,0,0,0,0,16,0,0,OFF,ON,OFF,OFF,OFF,OFF,OFF,OFF,1
20:42:02,27,78,3,0,48,8,OFF,OFF,24,1,43,92,3,286,1,3,259,14,24,1,24,1,3,286,3,26,3,262,3,262,3,264,3,264,3,26,3,262,3,262,3,262,3,262,3,262,3,262,3,259,3,262,3,262,3,265,3,26,3,26,3,263,3,262,3,262,3,26,3,262,24,0,0,0,0,0,0,16,0,0,OFF,ON,OFF,OFF,OFF,OFF,OFF,OFF,1
20:42:03,29,78,3,0,48,8,OFF,OFF,24,1,43,92,3,286,1,3,259,14,24,1,24,1,3,286,3,26,3,262,3,262,3,264,3,264,3,26,3,262,3,262,3,262,3,262,3,262,3,262,3,259,3,262,3,262,3,265,3,26,3,26,3,263,3,262,3,262,3,26,3,262,24,0,0,0,0,0,0,16,0,0,OFF,ON,OFF,OFF,OFF,OFF,OFF,OFF,1
20:42:05,30,78,3,0,48,8,OFF,OFF,24,1,43,92,3,286,1,3,259,14,24,1,24,1,3,286,3,26,3,262,3,262,3,264,3,264,3,26,3,262,3,262,3,262,3,262,3,262,3,262,3,259,3,262,3,262,3,264,3,261,3,26,3,262,3,262,3,262,3,26,3,262,24,0,0,0,0,0,0,16,0,0,OFF,ON,OFF,OFF,OFF,OFF,OFF,OFF,1
20:42:07,32,78,3,0,48,8,OFF,OFF,24,1,43,92,3,286,1,3,259,14,24,1,24,1,3,286,3,26,3,262,3,262,3,264,3,264,3,26,3,262,3,262,3,262,3,262,3,262,3,262,3,259,3,262,3,262,3,265,3,261,3,26,3,262,3,262,3,262,3,26,3,262,24,0,0,0,0,0,0,16,0,0,OFF,ON,OFF,OFF,OFF,OFF,OFF,OFF,1
20:42:08,33,78,3,0,48,8,OFF,OFF,24,1,43,92,3,286,1,3,259,14,24,1,24,1,3,286,3,26,3,262,3,262,3,264,3,264,3,26,3,262,3,262,3,262,3,262,3,262,3,262,3,259,3,262,3,262,3,265,3,261,3,26,3,262,3,262,3,262,3,26,3,262,24,0,0,0,0,0,0,16,0,0,OFF,ON,OFF,OFF,OFF,OFF,OFF,OFF,1
20:42:10,35,78,3,0,48,8,OFF,OFF,24,1,43,92,3,286,1,3,259,14,24,1,24,1,3,286,3,26,3,262,3,262,3,264,3,264,3,26,3,262,3,262,3,262,3,262,3,262,3,262,3,259,3,262,3,262,3,264,3,261,3,26,3,263,3,262,3,262,3,26,3,262,24,0,0,0,0,0,0,16,0,0,OFF,ON,OFF,OFF,OFF,OFF,OFF,OFF,1
20:42:11,37,78,3,0,48,8,OFF,OFF,24,1,43,92,3,286,1,3,259,14,24,1,24,1,3,286,3,26,3,262,3,262,3,264,3,264,3,26,3,262,3,262,3,262,3,262,3,262,3,262,3,259,3,262,3,262,3,264,3,261,3,26,3,263,3,262,3,262,3,26,3,262,24,0,0,0,0,0,0,16,0,0,OFF,ON,OFF,OFF,OFF,OFF,OFF,OFF,1
20:42:13,38,78,3,0,48,8,OFF,OFF,24,1,43,92,3,286,1,3,259,14,24,1,24,1,3,286,3,26,3,262,3,262,3,264,3,264,3,26,3,262,3,262,3,262,3,262,3,262,3,262,3,259,3,262,3,262,3,265,3,26,3,26,3,262,3,262,3,262,3,26,3,262,24,0,0,0,0,0,0,16,0,0,OFF,ON,OFF,OFF,OFF,OFF,OFF,OFF,1
20:42:14,40,78,3,0,48,8,OFF,OFF,24,1,43,92,3,286,1,3,259,14,24,1,24,1,3,286,3,26,3,262,3,262,3,264,3,264,3,26,3,262,3,262,3,262,3,262,3,262,3,262,3,259,3,262,3,262,3,265,3,26,3,26,3,262,3,262,3,262,3,26,3,262,24,0,0,0,0,0,0,16,0,0,OFF,ON,OFF,OFF,OFF,OFF,OFF,OFF,1
20:42:16,41,78,3,0,48,8,OFF,OFF,24,1,43,92,3,286,1,3,259,14,24,1,24,1,3,286,3,26,3,262,3,262,3,264,3,264,3,26,3,262,3,262,3,262,3,262,3,262,3,262,3,259,3,262,3,262,3,264,3,261,3,26,3,263,3,262,3,262,3,26,3,262,24,0,0,0,0,0,0,16,0,0,OFF,ON,OFF,OFF,OFF,OFF,OFF,OFF,1
20:42:18,43,78,3,0,48,8,OFF,OFF,24,1,43,92,3,286,1,3,259,14,24,1,24,1,3,286,3,26,3,262,3,262,3,264,3,264,3,26,3,262,3,262,3,262,3,262,3,262,3,262,3,259,3,262,3,262,3,265,3,26,3,26,3,262,3,262,3,262,3,26,3,262,24,0,0,0,0,0,0,16,0,0,OFF,ON,OFF,OFF,OFF,OFF,OFF,OFF,1
20:42:19,45,78,3,0,48,8,OFF,OFF,24,1,43,92,3,286,1,3,259,14,24,1,24,1,3,286,3,26,3,262,3,262,3,264,3,264,3,26,3,262,3,262,3,262,3,262,3,262,3,262,3,259,3,262,3,262,3,265,3,26,3,26,3,262,3,262,3,262,3,26,3,262,24,0,0,0,0,0,0,16,0,0,OFF,ON,OFF,OFF,OFF,OFF,OFF,OFF,1
20:42:21,46,78,3,0,48,8,OFF,OFF,24,1,43,92,3,286,1,3,259,14,24,1,24,1,3,286,3,26,3,262,3,262,3,264,3,264,3,26,3,262,3,262,3,262,3,262,3,262,3,262,3,259,3,262,3,262,3,264,3,261,3,26,3,262,3,262,3,262,3,26,3,262,24,0,0,0,0,0,0,16,0,0,OFF,ON,OFF,OFF,OFF,OFF,OFF,OFF,1
20:42:24,50,78,3,0,48,8,OFF,OFF,24,1,43,92,3,286,1,3,259,14,24,1,24,1,3,286,3,26,3,262,3,262,3,264,3,264,3,26,3,262,3,262,3,262,3,262,3,262,3,262,3,259,3,262,3,262,3,264,3,261,3,26,3,262,3,262,3,262,3,26,3,262,24,0,0,0,0,0,0,16,0,0,OFF,ON,OFF,OFF,OFF,OFF,OFF,OFF,1
20:42:26,51,78,3,0,48,8,OFF,OFF,24,1,43,92,3,286,1,3,259,14,24,1,24,1,3,286,3,26,3,262,3,262,3,264,3,264,3,26,3,262,3,262,3,262,3,262,3,262,3,262,3,259,3,262,3,262,3,264,3,261,3,26,3,262,3,262,3,262,3,26,3,262,24,0,0,0,0,0,0,16,0,0,OFF,ON,OFF,OFF,OFF,OFF,OFF,OFF,1
20:42:27,53,78,3,0,48,8,OFF,OFF,24,1,43,92,3,286,1,3,259,14,24,1,24,1,3,286,3,26,3,262,3,262,3,264,3,264,3,26,3,262,3,262,3,262,3,262,3,262,3,262,3,259,3,262,3,262,3,264,3,261,3,26,3,262,3,262,3,262,3,26,3,262,24,0,0,0,0,0,0,16,0,0,OFF,ON,OFF,OFF,OFF,OFF,OFF,OFF,1
20:42:29,54,78,3,0,48,8,OFF,OFF,24,1,43,92,3,286,1,3,259,14,24,1,24,1,3,286,3,26,3,262,3,262,3,264,3,264,3,26,3,262,3,262,3,262,3,262,3,262,3,262,3,259,3,262,3,262,3,264,3,26,3,26,3,262,3,262,3,262,3,26,3,262,24,0,0,0,0,0,0,16,0,0,OFF,ON,OFF,OFF,OFF,OFF,OFF,OFF,1
20:42:31,56,78,3,0,48,8,OFF,OFF,24,1,43,92,3,286,1,3,259,14,24,1,24,1,3,286,3,26,3,262,3,262,3,264,3,264,3,26,3,262,3,262,3,262,3,262,3,262,3,262,3,259,3,262,3,262,3,265,3,26,3,26,3,263,3,262,3,262,3,26,3,262,24,0,0,0,0,0,0,16,0,0,OFF,ON,OFF,OFF,OFF,OFF,OFF,OFF,1
20:42:32,58,78,3,0,48,8,OFF,OFF,24,1,43,92,3,286,1,3,259,14,24,1,24,1,3,286,3,26,3,262,3,262,3,264,3,264,3,26,3,262,3,262,3,262,3,262,3,262,3,262,3,259,3,262,3,262,3,265,3,26,3,26,3,263,3,262,3,262,3,26,3,262,24,0,0,0,0,0,0,16,0,0,OFF,ON,OFF,OFF,OFF,OFF,OFF,OFF,1
20:42:34,59,78,3,0,48,8,OFF,OFF,24,1,43,92,3,286,1,3,259,14,24,1,24,1,3,286,3,26,3,262,3,262,3,264,3,264,3,26,3,262,3,262,3,262,3,262,3,262,3,262,3,259,3,262,3,262,3,264,3,261,3,26,3,262,3,262,3,262,3,26,3,262,24,0,0,0,0,0,0,16,0,0,OFF,ON,OFF,OFF,OFF,OFF,OFF,OFF,1
20:42:36,61,78,3,0,48,8,OFF,OFF,24,1,43,92,3,286,1,3,259,14,24,1,24,1,3,286,3,26,3,262,3,262,3,264,3,264,3,26,3,262,3,262,3,262,3,262,3,262,3,262,3,259,3,262,3,262,3,264,3,261,3,26,3,262,3,262,3,262,3,26,3,262,24,0,0,0,0,0,0,16,0,0,OFF,ON,OFF,OFF,OFF,OFF,OFF,OFF,1
20:42:37,63,78,3,0,48,8,OFF,OFF,24,1,43,92,3,286,1,3,259,14,24,1,24,1,3,286,3,26,3,262,3,262,3,264,3,264,3,26,3,262,3,262,3,262,3,262,3,262,3,262,3,259,3,262,3,262,3,264,3,261,3,26,3,262,3,262,3,262,3,26,3,262,24,0,0,0,0,0,0,16,0,0,OFF,ON,OFF,OFF,OFF,OFF,OFF,OFF,1
20:42:39,64,78,3,0,48,8,OFF,OFF,24,1,43,92,3,286,1,3,259,14,24,1,24,1,3,286,3,26,3,262,3,262,3,264,3,264,3,26,3,262,3,262,3,262,3,262,3,262,3,262,3,259,3,262,3,262,3,264,3,261,3,26,3,262,3,262,3,262,3,26,3,262,24,0,0,0,0,0,0,16,0,0,OFF,ON,OFF,OFF,OFF,OFF,OFF,OFF,1
20:42:40,66,78,3,0,48,8,OFF,OFF,24,1,43,92,3,286,1,3,259,14,24,1,24,1,3,286,3,26,3,262,3,262,3,264,3,264,3,26,3,262,3,262,3,262,3,262,3,262,3,262,3,259,3,262,3,262,3,264,3,261,3,26,3,262,3,262,3,262,3,26,3,262,24,0,0,0,0,0,0,16,0,0,OFF,ON,OFF,OFF,OFF,OFF,OFF,OFF,1
20:42:42,67,78,3,0,48,8,OFF,OFF,24,1,43,92,3,286,1,3,259,14,24,1,24,1,3,286,3,26,3,262,3,262,3,264,3,264,3,26,3,262,3,262,3,262,3,262,3,262,3,262,3,259,3,262,3,262,3,264,3,261,3,26,3,262,3,262,3,262,3,26,3,262,24,0,0,0,0,0,0,16,0,0,OFF,ON,OFF,OFF,OFF,OFF,OFF,OFF,1
20:42:43,69,78,3,0,48,8,OFF,OFF,24,1,43,92,3,286,1,3,259,14,24,1,24,1,3,286,3,26,3,262,3,262,3,264,3,264,3,26,3,262,3,262,3,262,3,262,3,262,3,262,3,259,3,262,3,262,3,264,3,261,3,26,3,262,3,262,3,262,3,26,3,262,24,0,0,0,0,0,0,16,0,0,OFF,ON,OFF,OFF,OFF,OFF,OFF,OFF,1
20:42:45,71,78,3,0,48,8,OFF,OFF,24,1,43,92,3,286,1,3,259,14,24,1,24,1,3,286,3,26,3,262,3,262,3,264,3,264,3,26,3,262,3,262,3,262,3,262,3,262,3,262,3,259,3,262,3,262,3,264,3,26,3,26,3,262,3,262,3,262,3,26,3,262,24,0,0,0,0,0,0,16,0,0,OFF,ON,OFF,OFF,OFF,OFF,OFF,OFF,1
20:42:47,72,78,3,0,48,8,OFF,OFF,24,1,43,92,3,286,1,3,259,14,24,1,24,1,3,286,3,26,3,262,3,262,3,264,3,264,3,26,3,262,3,262,3,262,3,262,3,262,3,262,3,259,3,262,3,262,3,264,3,26,3,26,3,263,3,262,3,262,3,26,3,262,24,0,0,0,0,0,0,16,0,0,OFF,ON,OFF,OFF,OFF,OFF,OFF,OFF,1
20:42:48,74,78,3,0,48,8,OFF,OFF,24,1,43,92,3,286,1,3,259,14,24,1,24,1,3,286,3,26,3,262,3,262,3,264,3,264,3,26,3,262,3,262,3,262,3,262,3,262,3,262,3,259,3,262,3,262,3,264,3,26,3,26,3,263,3,262,3,262,3,26,3,262,24,0,0,0,0,0,0,16,0,0,OFF,ON,OFF,OFF,OFF,OFF,OFF,OFF,1
20:42:50,76,78,3,0,48,8,OFF,OFF,24,1,43,92,3,286,1,3,259,14,24,1,24,1,3,286,3,26,3,262,3,262,3,264,3,264,3,26,3,262,3,262,3,262,3,262,3,262,3,262,3,259,3,262,3,262,3,264,3,26,3,26,3,262,3,262,3,262,3,26,3,262,24,0,0,0,0,0,0,16,0,0,OFF,ON,OFF,OFF,OFF,OFF,OFF,OFF,1
20:42:51,77,78,3,0,48,8,OFF,OFF,24,1,43,92,3,286,1,3,259,14,24,1,24,1,3,286,3,26,3,262,3,262,3,264,3,264,3,26,3,262,3,262,3,262,3,262,3,262,3,262,3,259,3,262,3,262,3,264,3,26,3,26,3,262,3,262,3,262,3,26,3,262,24,0,0,0,0,0,0,16,0,0,OFF,ON,OFF,OFF,OFF,OFF,OFF,OFF,1
20:42:53,79,78,3,0,48,8,OFF,OFF,24,1,43,92,3,286,1,3,259,14,24,1,24,1,3,286,3,26,3,262,3,262,3,264,3,264,3,26,3,262,3,262,3,262,3,262,3,262,3,262,3,259,3,262,3,262,3,264,3,26,3,26,3,262,3,262,3,262,3,26,3,262,24,0,0,0,0,0,0,16,0,0,OFF,ON,OFF,OFF,OFF,OFF,OFF,OFF,1
20:42:55,80,78,3,0,48,8,OFF,OFF,24,1,43,92,3,286,1,3,259,14,24,1,24,1,3,286,3,26,3,262,3,262,3,264,3,264,3,26,3,262,3,262,3,262,3,262,3,262,3,262,3,259,3,262,3,262,3,264,3,261,3,26,3,263,3,262,3,262,3,26,3,262,24,0,0,0,0,0,0,16,0,0,OFF,ON,OFF,OFF,OFF,OFF,OFF,OFF,1
20:42:56,82,78,3,0,48,8,OFF,OFF,24,1,43,92,3,286,1,3,259,14,24,1,24,1,3,286,3,26,3,262,3,262,3,264,3,264,3,26,3,262,3,262,3,262,3,262,3,262,3,262,3,259,3,262,3,262,3,264,3,261,3,26,3,263,3,262,3,262,3,26,3,262,24,0,0,0,0,0,0,16,0,0,OFF,ON,OFF,OFF,OFF,OFF,OFF,OFF,1
20:44:20,166,78,3,0,48,8,OFF,OFF,24,1,43,92,3,286,1,3,259,14,24,1,24,1,3,286,3,26,3,262,3,261,3,264,3,264,3,26,3,262,3,262,3,262,3,262,3,262,3,262,3,259,3,262,3,262,3,264,3,261,3,26,3,263,3,262,3,262,3,26,3,262,24,0,0,0,0,0,0,16,0,0,OFF,ON,OFF,OFF,OFF,OFF,OFF,OFF,1
20:44:22,167,78,3,0,48,8,OFF,OFF,24,1,43,92,3,286,1,3,259,14,24,1,24,1,3,286,3,26,3,262,3,261,3,264,3,264,3,26,3,262,3,262,3,262,3,262,3,262,3,262,3,259,3,262,3,262,3,265,3,261,3,26,3,263,3,262,3,262,3,26,3,262,24,0,0,0,0,0,0,16,0,0,OFF,ON,OFF,OFF,OFF,OFF,OFF,OFF,1
20:44:23,169,78,3,0,48,8,OFF,OFF,24,1,43,92,3,286,1,3,259,14,24,1,24,1,3,286,3,26,3,262,3,261,3,264,3,264,3,26,3,262,3,262,3,262,3,262,3,262,3,262,3,259,3,262,3,262,3,265,3,261,3,26,3,263,3,262,3,262,3,26,3,262,24,0,0,0,0,0,0,16,0,0,OFF,ON,OFF,OFF,OFF,OFF,OFF,OFF,1
20:44:25,170,78,3,0,48,8,OFF,OFF,24,1,43,92,3,286,1,3,259,14,24,1,24,1,3,286,3,26,3,262,3,261,3,264,3,264,3,26,3,262,3,262,3,262,3,262,3,262,3,262,3,259,3,262,3,262,3,265,3,261,3,26,3,263,3,262,3,262,3,26,3,262,24,0,0,0,0,0,0,16,0,0,OFF,ON,OFF,OFF,OFF,OFF,OFF,OFF,1
20:44:27,172,78,3,0,48,8,OFF,OFF,24,1,43,92,3,286,1,3,259,14,24,1,24,1,3,286,3,26,3,262,3,261,3,264,3,264,3,26,3,262,3,262,3,262,3,262,3,262,3,262,3,259,3,262,3,262,3,264,3,26,3,26,3,262,3,262,3,262,3,26,3,262,24,0,0,0,0,0,0,16,0,0,OFF,ON,OFF,OFF,OFF,OFF,OFF,OFF,1
20:44:28,174,78,3,0,48,8,OFF,OFF,24,1,43,92,3,286,1,3,259,14,24,1,24,1,3,286,3,26,3,262,3,261,3,264,3,264,3,26,3,262,3,262,3,262,3,262,3,262,3,262,3,259,3,262,3,262,3,264,3,26,3,26,3,262,3,262,3,262,3,26,3,262,24,0,0,0,0,0,0,16,0,0,OFF,ON,OFF,OFF,OFF,OFF,OFF,OFF,1
20:44:30,175,78,3,0,48,8,OFF,OFF,24,1,43,92,3,286,1,3,259,14,24,1,24,1,3,286,3,26,3,262,3,261,3,264,3,264,3,26,3,262,3,262,3,262,3,262,3,262,3,262,3,259,3,262,3,262,3,264,3,26,3,26,3,262,3,262,3,262,3,26,3,262,24,0,0,0,0,0,0,16,0,0,OFF,ON,OFF,OFF,OFF,OFF,OFF,OFF,1
20:44:31,177,78,3,0,48,8,OFF,OFF,24,1,43,92,3,286,1,3,259,14,24,1,24,1,3,286,3,26,3,262,3,261,3,264,3,264,3,26,3,262,3,262,3,262,3,262,3,262,3,262,3,259,3,262,3,262,3,264,3,26,3,26,3,262,3,262,3,262,3,26,3,262,24,0,0,0,0,0,0,16,0,0,OFF,ON,OFF,OFF,OFF,OFF,OFF,OFF,1
20:44:33,178,78,3,0,48,8,OFF,OFF,24,1,43,92,3,286,1,3,259,14,24,1,24,1,3,286,3,26,3,262,3,261,3,264,3,264,3,26,3,262,3,262,3,262,3,262,3,262,3,262,3,259,3,262,3,262,3,264,3,261,3,26,3,262,3,262,3,262,3,26,3,262,24,0,0,0,0,0,0,16,0,0,OFF,ON,OFF,OFF,OFF,OFF,OFF,OFF,1
20:44:35,180,78,3,0,48,8,OFF,OFF,24,1,43,92,3,286,1,3,259,14,24,1,24,1,3,286,3,26,3,262,3,261,3,264,3,264,3,26,3,262,3,262,3,262,3,262,3,262,3,262,3,259,3,262,3,262,3,265,3,261,3,26,3,262,3,262,3,262,3,26,3,262,24,0,0,0,0,0,0,16,0,0,OFF,ON,OFF,OFF,OFF,OFF,OFF,OFF,1
20:44:36,182,78,3,0,48,8,OFF,OFF,24,1,43,92,3,286,1,3,259,14,24,1,24,1,3,286,3,26,3,262,3,261,3,264,3,264,3,26,3,262,3,262,3,262,3,262,3,262,3,262,3,259,3,262,3,262,3,264,3,26,3,26,3,262,3,262,3,262,3,26,3,262,24,0,0,0,0,0,0,16,0,0,OFF,ON,OFF,OFF,OFF,OFF,OFF,OFF,1
20:44:38,183,78,3,0,48,8,OFF,OFF,24,1,43,92,3,286,1,3,259,14,24,1,24,1,3,286,3,26,3,262,3,261,3,264,3,264,3,26,3,262,3,262,3,262,3,262,3,262,3,262,3,259,3,262,3,262,3,264,3,261,3,26,3,262,3,262,3,262,3,26,3,262,24,0,0,0,0,0,0,16,0,0,OFF,ON,OFF,OFF,OFF,OFF,OFF,OFF,1
20:44:39,185,78,3,0,48,8,OFF,OFF,24,1,43,92,3,286,1,3,259,14,24,1,24,1,3,286,3,26,3,262,3,261,3,264,3,264,3,26,3,262,3,262,3,262,3,262,3,262,3,262,3,259,3,262,3,262,3,264,3,261,3,26,3,262,3,262,3,262,3,26,3,262,24,0,0,0,0,0,0,16,0,0,OFF,ON,OFF,OFF,OFF,OFF,OFF,OFF,1
20:44:41,186,78,3,0,48,8,OFF,OFF,24,1,43,92,3,286,1,3,259,14,24,1,24,1,3,286,3,26,3,262,3,261,3,264,3,264,3,26,3,262,3,262,3,262,3,262,3,262,3,262,3,259,3,262,3,262,3,264,3,26,3,26,3,262,3,262,3,262,3,26,3,262,24,0,0,0,0,0,0,16,0,0,OFF,ON,OFF,OFF,OFF,OFF,OFF,OFF,1
20:44:42,188,78,3,0,48,8,OFF,OFF,24,1,43,92,3,286,1,3,259,14,24,1,24,1,3,286,3,26,3,262,3,261,3,264,3,264,3,26,3,262,3,262,3,262,3,262,3,262,3,262,3,259,3,262,3,262,3,264,3,26,3,26,3,262,3,262,3,262,3,26,3,262,24,0,0,0,0,0,0,16,0,0,OFF,ON,OFF,OFF,OFF,OFF,OFF,OFF,1
20:44:44,190,78,3,0,48,8,OFF,OFF,24,1,43,92,3,286,1,3,259,14,24,1,24,1,3,286,3,26,3,262,3,261,3,264,3,264,3,26,3,262,3,262,3,262,3,262,3,262,3,262,3,259,3,262,3,262,3,264,3,26,3,26,3,262,3,262,3,262,3,26,3,262,24,0,0,0,0,0,0,16,0,0,OFF,ON,OFF,OFF,OFF,OFF,OFF,OFF,1
20:44:46,191,78,3,0,48,8,OFF,OFF,24,1,43,92,3,286,1,3,259,14,24,1,24,1,3,286,3,26,3,262,3,261,3,264,3,264,3,26,3,262,3,262,3,262,3,262,3,262,3,262,3,258,3,262,3,262,3,264,3,261,3,26,3,263,3,262,3,262,3,26,3,262,24,0,0,0,0,0,0,16,0,0,OFF,ON,OFF,OFF,OFF,OFF,OFF,OFF,1
20:44:47,193,78,3,0,48,8,OFF,OFF,24,1,43,92,3,286,1,3,259,14,24,1,24,1,3,286,3,26,3,262,3,261,3,264,3,264,3,26,3,262,3,262,3,262,3,262,3,262,3,262,3,258,3,262,3,262,3,264,3,261,3,26,3,263,3,262,3,262,3,26,3,262,24,0,0,0,0,0,0,16,0,0,OFF,ON,OFF,OFF,OFF,OFF,OFF,OFF,1
20:44:49,195,78,3,0,48,8,OFF,OFF,24,1,43,92,3,286,1,3,259,14,24,1,24,1,3,286,3,26,3,262,3,261,3,264,3,264,3,26,3,262,3,262,3,262,3,262,3,262,3,262,3,259,3,262,3,262,3,264,3,26,3,26,3,262,3,262,3,262,3,26,3,262,24,0,0,0,0,0,0,16,0,0,OFF,ON,OFF,OFF,OFF,OFF,OFF,OFF,1
20:44:51,196,78,3,0,48,8,OFF,OFF,24,1,43,92,3,286,1,3,259,14,24,1,24,1,3,286,3,26,3,262,3,261,3,264,3,264,3,26,3,262,3,262,3,262,3,262,3,262,3,262,3,259,3,262,3,262,3,264,3,26,3,26,3,262,3,262,3,262,3,26,3,262,24,0,0,0,0,0,0,16,0,0,OFF,ON,OFF,OFF,OFF,OFF,OFF,OFF,1
20:44:52,198,78,3,0,48,8,OFF,OFF,24,1,43,92,3,286,1,3,259,14,24,1,24,1,3,286,3,26,3,262,3,261,3,264,3,264,3,26,3,262,3,262,3,262,3,262,3,262,3,262,3,259,3,262,3,262,3,264,3,26,3,26,3,262,3,262,3,262,3,26,3,262,24,0,0,0,0,0,0,16,0,0,OFF,ON,OFF,OFF,OFF,OFF,OFF,OFF,1
20:44:54,200,78,3,0,48,8,OFF,OFF,24,1,43,92,3,286,1,3,259,14,24,1,24,1,3,286,3,26,3,262,3,261,3,264,3,264,3,26,3,262,3,262,3,262,3,262,3,262,3,262,3,259,3,262,3,262,3,264,3,261,3,26,3,263,3,262,3,262,3,26,3,262,24,0,0,0,0,0,0,16,0,0,OFF,ON,OFF,OFF,OFF,OFF,OFF,OFF,1
20:44:56,201,78,3,0,48,8,OFF,OFF,24,1,43,92,3,286,1,3,259,14,24,1,24,1,3,286,3,26,3,262,3,261,3,264,3,264,3,26,3,262,3,262,3,262,3,262,3,262,3,262,3,259,3,262,3,262,3,265,3,26,3,26,3,262,3,262,3,262,3,26,3,262,24,0,0,0,0,0,0,16,0,0,OFF,ON,OFF,OFF,OFF,OFF,OFF,OFF,1
20:44:57,203,78,3,0,48,8,OFF,OFF,24,1,43,92,3,286,1,3,259,14,24,1,24,1,3,286,3,26,3,262,3,261,3,264,3,264,3,26,3,262,3,262,3,262,3,262,3,262,3,262,3,259,3,262,3,262,3,264,3,26,3,26,3,262,3,262,3,262,3,26,3,262,24,0,0,0,0,0,0,16,0,0,OFF,ON,OFF,OFF,OFF,OFF,OFF,OFF,1
20:44:59,205,78,3,0,48,8,OFF,OFF,24,1,43,92,3,286,1,3,259,14,24,1,24,1,3,286,3,26,3,262,3,261,3,264,3,264,3,26,3,262,3,262,3,262,3,262,3,262,3,262,3,259,3,262,3,262,3,264,3,261,3,26,3,263,3,262,3,262,3,26,3,262,24,0,0,0,0,0,0,16,0,0,OFF,ON,OFF,OFF,OFF,OFF,OFF,OFF,1
20:45:00,206,78,3,0,48,8,OFF,OFF,24,1,43,92,3,286,1,3,258,14,24,1,24,1,3,286,3,26,3,262,3,261,3,264,3,264,3,26,3,262,3,262,3,262,3,262,3,262,3,262,3,259,3,262,3,262,3,264,3,261,3,26,3,263,3,262,3,262,3,26,3,262,24,0,0,0,0,0,0,16,0,0,OFF,ON,OFF,OFF,OFF,OFF,OFF,OFF,1
20:45:02,208,78,3,0,48,8,OFF,OFF,24,1,43,92,3,286,1,3,259,14,24,1,24,1,3,286,3,26,3,262,3,261,3,264,3,264,3,26,3,262,3,262,3,262,3,262,3,262,3,262,3,259,3,262,3,262,3,264,3,261,3,26,3,262,3,262,3,262,3,26,3,262,24,0,0,0,0,0,0,16,0,0,OFF,ON,OFF,OFF,OFF,OFF,OFF,OFF,1
20:45:04,209,78,3,0,48,8,OFF,OFF,24,1,43,92,3,286,1,3,259,14,24,1,24,1,3,286,3,26,3,262,3,261,3,264,3,264,3,26,3,262,3,262,3,262,3,262,3,262,3,262,3,259,3,262,3,262,3,264,3,261,3,26,3,262,3,262,3,262,3,26,3,262,24,0,0,0,0,0,0,16,0,0,OFF,ON,OFF,OFF,OFF,OFF,OFF,OFF,1
20:45:05,211,78,3,0,48,8,OFF,OFF,24,1,43,92,3,286,1,3,259,14,24,1,24,1,3,286,3,26,3,262,3,261,3,264,3,264,3,26,3,262,3,262,3,262,3,262,3,262,3,262,3,259,3,262,3,262,3,264,3,261,3,26,3,262,3,262,3,262,3,26,3,262,24,0,0,0,0,0,0,16,0,0,OFF,ON,OFF,OFF,OFF,OFF,OFF,OFF,1
20:45:07,212,78,3,0,48,8,OFF,OFF,24,1,43,92,3,286,1,3,259,14,24,1,24,1,3,286,3,26,3,262,3,261,3,264,3,264,3,26,3,262,3,262,3,262,3,262,3,262,3,262,3,259,3,262,3,262,3,264,3,261,3,26,3,262,3,262,3,262,3,26,3,262,24,0,0,0,0,0,0,16,0,0,OFF,ON,OFF,OFF,OFF,OFF,OFF,OFF,1
20:45:08,214,78,3,0,48,8,OFF,OFF,24,1,43,92,3,286,1,3,259,14,24,1,24,1,3,286,3,26,3,262,3,261,3,264,3,264,3,26,3,262,3,262,3,262,3,262,3,262,3,262,3,259,3,262,3,262,3,264,3,261,3,26,3,262,3,262,3,262,3,26,3,262,24,0,0,0,0,0,0,16,0,0,OFF,ON,OFF,OFF,OFF,OFF,OFF,OFF,1
20:45:10,216,78,3,0,48,8,OFF,OFF,24,1,43,92,3,286,1,3,259,14,24,1,24,1,3,286,3,26,3,262,3,261,3,264,3,264,3,26,3,262,3,262,3,262,3,262,3,262,3,262,3,259,3,262,3,262,3,265,3,26,3,26,3,262,3,262,3,262,3,26,3,262,24,0,0,0,0,0,0,16,0,0,OFF,ON,OFF,OFF,OFF,OFF,OFF,OFF,1
20:45:11,217,78,3,0,48,8,OFF,OFF,24,1,43,92,3,286,1,3,259,14,24,1,24,1,3,286,3,26,3,262,3,261,3,264,3,264,3,26,3,262,3,262,3,262,3,262,3,262,3,262,3,259,3,262,3,262,3,265,3,26,3,26,3,262,3,262,3,262,3,26,3,262,24,0,0,0,0,0,0,16,0,0,OFF,ON,OFF,OFF,OFF,OFF,OFF,OFF,1
20:45:13,219,78,3,0,48,8,OFF,OFF,24,1,43,92,3,286,1,3,259,14,24,1,24,1,3,286,3,26,3,262,3,261,3,264,3,264,3,26,3,262,3,262,3,262,3,262,3,262,3,262,3,259,3,262,3,262,3,265,3,261,3,26,3,262,3,262,3,262,3,26,3,262,24,0,0,0,0,0,0,16,0,0,OFF,ON,OFF,OFF,OFF,OFF,OFF,OFF,1
20:45:15,221,78,3,0,48,8,OFF,OFF,24,1,43,92,3,286,1,3,259,14,24,1,24,1,3,286,3,26,3,262,3,261,3,264,3,264,3,26,3,262,3,262,3,262,3,262,3,262,3,262,3,259,3,262,3,262,3,265,3,26,3,26,3,262,3,262,3,262,3,26,3,262,24,0,0,0,0,0,0,16,0,0,OFF,ON,OFF,OFF,OFF,OFF,OFF,OFF,1
20:45:16,222,78,3,0,48,8,OFF,OFF,24,1,43,92,3,286,1,3,259,14,24,1,24,1,3,286,3,26,3,262,3,261,3,264,3,264,3,26,3,262,3,262,3,262,3,262,3,262,3,262,3,259,3,262,3,262,3,264,3,26,3,26,3,262,3,262,3,262,3,26,3,262,24,0,0,0,0,0,0,16,0,0,OFF,ON,OFF,OFF,OFF,OFF,OFF,OFF,1
20:45:18,224,78,3,0,48,8,OFF,OFF,24,1,43,92,3,286,1,3,259,14,24,1,24,1,3,286,3,26,3,262,3,261,3,264,3,264,3,26,3,262,3,262,3,262,3,262,3,262,3,262,3,259,3,262,3,262,3,265,3,261,3,26,3,262,3,262,3,262,3,26,3,262,24,0,0,0,0,0,0,16,0,0,OFF,ON,OFF,OFF,OFF,OFF,OFF,OFF,1
20:45:19,225,78,3,0,48,8,OFF,OFF,24,1,43,92,3,286,1,3,259,14,24,1,24,1,3,286,3,26,3,262,3,261,3,264,3,264,3,26,3,262,3,262,3,262,3,262,3,262,3,262,3,259,3,262,3,262,3,265,3,261,3,26,3,262,3,262,3,262,3,26,3,262,24,0,0,0,0,0,0,16,0,0,OFF,ON,OFF,OFF,OFF,OFF,OFF,OFF,1
20:45:21,227,78,3,0,48,8,OFF,OFF,24,1,43,92,3,286,1,3,259,14,24,1,24,1,3,286,3,26,3,262,3,261,3,264,3,264,3,26,3,262,3,262,3,262,3,262,3,262,3,262,3,259,3,262,3,262,3,265,3,261,3,26,3,262,3,262,3,262,3,26,3,262,24,0,0,0,0,0,0,16,0,0,OFF,ON,OFF,OFF,OFF,OFF,OFF,OFF,1
20:45:22,228,78,3,0,48,8,OFF,OFF,24,1,43,92,3,286,1,3,259,14,24,1,24,1,3,286,3,26,3,262,3,261,3,264,3,264,3,26,3,262,3,262,3,262,3,262,3,262,3,262,3,259,3,262,3,262,3,265,3,261,3,26,3,262,3,262,3,262,3,26,3,262,24,0,0,0,0,0,0,16,0,0,OFF,ON,OFF,OFF,OFF,OFF,OFF,OFF,1
20:45:24,230,78,3,0,48,8,OFF,OFF,24,1,43,92,3,286,1,3,259,14,24,1,24,1,3,286,3,26,3,262,3,261,3,264,3,264,3,26,3,262,3,262,3,262,3,262,3,262,3,262,3,259,3,262,3,262,3,264,3,261,3,26,3,262,3,262,3,262,3,26,3,262,24,0,0,0,0,0,0,16,0,0,OFF,ON,OFF,OFF,OFF,OFF,OFF,OFF,1
20:45:25,231,78,3,0,48,8,OFF,OFF,24,1,43,92,3,286,1,3,258,14,24,1,24,1,3,286,3,26,3,262,3,261,3,264,3,264,3,26,3,262,3,262,3,262,3,262,3,262,3,262,3,259,3,262,3,262,3,264,3,261,3,26,3,262,3,262,3,262,3,26,3,262,24,0,0,0,0,0,0,16,0,0,OFF,ON,OFF,OFF,OFF,OFF,OFF,OFF,1
20:45:27,233,78,3,0,48,8,OFF,OFF,24,1,43,92,3,286,1,3,259,14,24,1,24,1,3,286,3,26,3,262,3,261,3,264,3,264,3,26,3,262,3,262,3,262,3,262,3,262,3,262,3,259,3,262,3,262,3,264,3,261,3,26,3,262,3,262,3,262,3,26,3,262,24,0,0,0,0,0,0,16,0,0,OFF,ON,OFF,OFF,OFF,OFF,OFF,OFF,1
20:45:30,235,78,3,0,48,8,OFF,OFF,24,1,43,92,3,286,1,3,259,14,24,1,24,1,3,286,3,26,3,262,3,261,3,264,3,264,3,26,3,262,3,262,3,262,3,262,3,262,3,262,3,259,3,262,3,262,3,264,3,261,3,26,3,262,3,262,3,262,3,26,3,262,24,0,0,0,0,0,0,16,0,0,OFF,ON,OFF,OFF,OFF,OFF,OFF,OFF,1
20:45:31,236,78,3,0,48,8,OFF,OFF,24,1,43,92,3,286,1,3,259,14,24,1,24,1,3,286,3,26,3,262,3,261,3,264,3,264,3,26,3,262,3,262,3,262,3,262,3,262,3,262,3,259,3,262,3,262,3,264,3,261,3,26,3,262,3,262,3,262,3,26,3,262,24,0,0,0,0,0,0,16,0,0,OFF,ON,OFF,OFF,OFF,OFF,OFF,OFF,1
20:45:33,238,78,3,0,48,8,OFF,OFF,24,1,43,92,3,286,1,3,259,14,24,1,24,1,3,286,3,26,3,262,3,261,3,264,3,264,3,26,3,262,3,262,3,262,3,262,3,262,3,262,3,259,3,262,3,262,3,264,3,26,3,26,3,262,3,262,3,262,3,26,3,262,24,0,0,0,0,0,0,16,0,0,OFF,ON,OFF,OFF,OFF,OFF,OFF,OFF,1
20:45:34,239,78,3,0,48,8,OFF,OFF,24,1,43,92,3,286,1,3,259,14,24,1,24,1,3,286,3,26,3,262,3,261,3,264,3,264,3,26,3,262,3,262,3,262,3,262,3,262,3,262,3,259,3,262,3,262,3,264,3,26,3,26,3,262,3,262,3,262,3,26,3,262,24,0,0,0,0,0,0,16,0,0,OFF,ON,OFF,OFF,OFF,OFF,OFF,OFF,1
20:45:36,241,78,3,0,48,8,OFF,OFF,24,1,43,92,3,286,1,3,259,14,24,1,24,1,3,286,3,26,3,262,3,261,3,264,3,264,3,26,3,262,3,262,3,262,3,262,3,262,3,262,3,259,3,262,3,262,3,264,3,261,3,26,3,262,3,262,3,262,3,26,3,262,24,0,0,0,0,0,0,16,0,0,OFF,ON,OFF,OFF,OFF,OFF,OFF,OFF,1
20:45:37,242,78,3,0,48,8,OFF,OFF,24,1,43,92,3,286,1,3,259,14,24,1,24,1,3,286,3,26,3,262,3,261,3,264,3,264,3,26,3,262,3,262,3,262,3,262,3,262,3,262,3,259,3,262,3,262,3,264,3,261,3,26,3,262,3,262,3,262,3,26,3,262,24,0,0,0,0,0,0,16,0,0,OFF,ON,OFF,OFF,OFF,OFF,OFF,OFF,1
20:45:39,244,78,3,0,48,8,OFF,OFF,24,1,43,92,3,286,1,3,259,14,24,1,24,1,3,286,3,26,3,262,3,261,3,264,3,264,3,26,3,262,3,262,3,262,3,262,3,262,3,262,3,259,3,262,3,262,3,265,3,261,3,26,3,262,3,262,3,262,3,26,3,262,24,0,0,0,0,0,0,16,0,0,OFF,ON,OFF,OFF,OFF,OFF,OFF,OFF,1
20:45:40,246,78,3,0,48,8,OFF,OFF,24,1,43,92,3,286,1,3,259,14,24,1,24,1,3,286,3,26,3,262,3,261,3,264,3,264,3,26,3,262,3,262,3,262,3,262,3,262,3,262,3,259,3,262,3,262,3,265,3,261,3,26,3,262,3,262,3,262,3,26,3,262,24,0,0,0,0,0,0,16,0,0,OFF,ON,OFF,OFF,OFF,OFF,OFF,OFF,1
20:45:42,247,78,3,0,48,8,OFF,OFF,24,1,43,92,3,286,1,3,259,14,24,1,24,1,3,286,3,26,3,262,3,261,3,264,3,264,3,26,3,262,3,262,3,262,3,262,3,262,3,262,3,259,3,262,3,262,3,264,3,26,3,26,3,262,3,262,3,262,3,26,3,262,24,0,0,0,0,0,0,16,0,0,OFF,ON,OFF,OFF,OFF,OFF,OFF,OFF,1
20:45:44,249,78,3,0,48,8,OFF,OFF,24,1,43,92,3,286,1,3,259,14,24,1,24,1,3,286,3,26,3,262,3,261,3,264,3,264,3,26,3,262,3,262,3,262,3,262,3,262,3,262,3,259,3,262,3,262,3,264,3,26,3,26,3,262,3,262,3,262,3,26,3,262,24,0,0,0,0,0,0,16,0,0,OFF,ON,OFF,OFF,OFF,OFF,OFF,OFF,1
20:45:45,250,78,3,0,48,8,OFF,OFF,24,1,43,92,3,286,1,3,259,14,24,1,24,1,3,286,3,26,3,262,3,261,3,264,3,264,3,26,3,262,3,262,3,262,3,262,3,262,3,262,3,259,3,262,3,262,3,264,3,26,3,26,3,262,3,262,3,262,3,26,3,262,24,0,0,0,0,0,0,16,0,0,OFF,ON,OFF,OFF,OFF,OFF,OFF,OFF,1
20:45:47,252,78,3,0,48,8,OFF,OFF,24,1,43,92,3,286,1,3,259,14,24,1,24,1,3,286,3,26,3,262,3,261,3,264,3,264,3,26,3,262,3,262,3,262,3,262,3,262,3,262,3,259,3,262,3,262,3,265,3,26,3,26,3,262,3,262,3,262,3,26,3,262,24,0,0,0,0,0,0,16,0,0,OFF,ON,OFF,OFF,OFF,OFF,OFF,OFF,1
20:45:48,253,78,3,0,48,8,OFF,OFF,24,1,43,92,3,286,1,3,259,14,24,1,24,1,3,286,3,26,3,262,3,261,3,264,3,264,3,26,3,262,3,262,3,262,3,262,3,262,3,262,3,259,3,262,3,262,3,265,3,26,3,26,3,262,3,262,3,262,3,26,3,262,24,0,0,0,0,0,0,16,0,0,OFF,ON,OFF,OFF,OFF,OFF,OFF,OFF,1
20:45:50,255,78,3,0,48,8,OFF,OFF,24,1,43,92,3,286,1,3,259,14,24,1,24,1,3,286,3,26,3,262,3,261,3,264,3,264,3,26,3,262,3,262,3,262,3,262,3,262,3,262,3,259,3,262,3,262,3,264,3,26,3,26,3,262,3,262,3,262,3,26,3,262,24,0,0,0,0,0,0,16,0,0,OFF,ON,OFF,OFF,OFF,OFF,OFF,OFF,1
20:45:51,1,78,3,0,48,8,OFF,OFF,24,1,43,92,3,286,1,3,258,14,24,1,24,1,3,286,3,26,3,262,3,261,3,264,3,264,3,26,3,262,3,262,3,262,3,262,3,262,3,262,3,259,3,262,3,262,3,264,3,26,3,26,3,262,3,262,3,262,3,26,3,262,24,0,0,0,0,0,0,16,0,0,OFF,ON,OFF,OFF,OFF,OFF,OFF,OFF,1
20:45:53,2,78,3,0,48,8,OFF,OFF,24,1,43,92,3,286,1,3,259,14,24,1,24,1,3,286,3,26,3,262,3,261,3,264,3,264,3,26,3,262,3,262,3,262,3,262,3,262,3,262,3,259,3,262,3,262,3,265,3,261,3,26,3,262,3,262,3,262,3,26,3,262,24,0,0,0,0,0,0,16,0,0,OFF,ON,OFF,OFF,OFF,OFF,OFF,OFF,1
20:45:55,4,78,3,0,48,8,OFF,OFF,24,1,43,92,3,286,1,3,259,14,24,1,24,1,3,286,3,26,3,262,3,261,3,264,3,264,3,26,3,262,3,262,3,262,3,262,3,262,3,262,3,259,3,262,3,262,3,264,3,26,3,26,3,262,3,262,3,262,3,26,3,262,24,0,0,0,0,0,0,16,0,0,OFF,ON,OFF,OFF,OFF,OFF,OFF,OFF,1
20:45:56,5,78,3,0,48,8,OFF,OFF,24,1,43,92,3,286,1,3,259,14,24,1,24,1,3,286,3,26,3,262,3,261,3,264,3,264,3,26,3,262,3,262,3,262,3,262,3,262,3,262,3,259,3,262,3,262,3,264,3,26,3,26,3,262,3,262,3,262,3,26,3,262,24,0,0,0,0,0,0,16,0,0,OFF,ON,OFF,OFF,OFF,OFF,OFF,OFF,1
20:45:58,7,78,3,0,48,8,OFF,OFF,24,1,43,92,3,286,1,3,259,14,24,1,24,1,3,286,3,26,3,262,3,261,3,264,3,264,3,26,3,262,3,262,3,262,3,262,3,262,3,262,3,259,3,262,3,262,3,264,3,26,3,26,3,263,3,262,3,262,3,26,3,262,24,0,0,0,0,0,0,16,0,0,OFF,ON,OFF,OFF,OFF,OFF,OFF,OFF,1
20:45:59,9,78,3,0,48,8,OFF,OFF,24,1,43,92,3,286,1,3,259,14,24,1,24,1,3,286,3,26,3,262,3,261,3,264,3,264,3,26,3,262,3,262,3,262,3,262,3,262,3,262,3,259,3,262,3,262,3,264,3,26,3,26,3,263,3,262,3,262,3,26,3,262,24,0,0,0,0,0,0,16,0,0,OFF,ON,OFF,OFF,OFF,OFF,OFF,OFF,1
20:46:01,10,78,3,0,48,8,OFF,OFF,24,1,43,92,3,286,1,3,259,14,24,1,24,1,3,286,3,26,3,262,3,261,3,264,3,264,3,26,3,262,3,262,3,262,3,262,3,262,3,262,3,259,3,262,3,262,3,264,3,26,3,26,3,262,3,262,3,262,3,26,3,262,24,0,0,0,0,0,0,16,0,0,OFF,ON,OFF,OFF,OFF,OFF,OFF,OFF,1
20:46:03,12,78,3,0,48,8,OFF,OFF,24,1,43,92,3,286,1,3,259,14,24,1,24,1,3,286,3,26,3,262,3,261,3,264,3,264,3,26,3,262,3,262,3,262,3,262,3,262,3,262,3,259,3,262,3,262,3,264,3,26,3,26,3,262,3,262,3,262,3,26,3,262,24,0,0,0,0,0,0,16,0,0,OFF,ON,OFF,OFF,OFF,OFF,OFF,OFF,1
20:46:04,13,78,3,0,48,8,OFF,OFF,24,1,43,92,3,286,1,3,259,14,24,1,24,1,3,286,3,26,3,262,3,261,3,264,3,264,3,26,3,262,3,262,3,262,3,262,3,262,3,262,3,259,3,262,3,262,3,264,3,261,3,26,3,262,3,262,3,262,3,26,3,262,24,0,0,0,0,0,0,16,0,0,OFF,ON,OFF,OFF,OFF,OFF,OFF,OFF,1
20:46:06,15,78,3,0,48,8,OFF,OFF,24,1,43,92,3,286,1,3,259,14,24,1,24,1,3,286,3,26,3,262,3,261,3,264,3,264,3,26,3,262,3,262,3,262,3,262,3,262,3,262,3,259,3,262,3,262,3,264,3,26,3,26,3,262,3,262,3,262,3,26,3,262,24,0,0,0,0,0,0,16,0,0,OFF,ON,OFF,OFF,OFF,OFF,OFF,OFF,1
20:46:07,17,78,3,0,48,8,OFF,OFF,24,1,43,92,3,286,1,3,259,14,24,1,24,1,3,286,3,26,3,262,3,261,3,264,3,264,3,26,3,262,3,262,3,262,3,262,3,262,3,262,3,259,3,262,3,262,3,264,3,26,3,26,3,262,3,262,3,262,3,26,3,262,24,0,0,0,0,0,0,16,0,0,OFF,ON,OFF,OFF,OFF,OFF,OFF,OFF,1
20:46:09,18,78,3,0,48,8,OFF,OFF,24,1,43,92,3,286,1,3,259,14,24,1,24,1,3,286,3,26,3,262,3,261,3,264,3,264,3,26,3,262,3,262,3,262,3,262,3,262,3,262,3,259,3,262,3,262,3,264,3,261,3,26,3,262,3,262,3,262,3,26,3,262,24,0,0,0,0,0,0,16,0,0,OFF,ON,OFF,OFF,OFF,OFF,OFF,OFF,1
20:46:10,20,78,3,0,48,8,OFF,OFF,24,1,43,92,3,286,1,3,259,14,24,1,24,1,3,286,3,26,3,262,3,261,3,264,3,264,3,26,3,262,3,262,3,262,3,262,3,262,3,262,3,259,3,262,3,262,3,264,3,261,3,26,3,262,3,262,3,262,3,26,3,262,24,0,0,0,0,0,0,16,0,0,OFF,ON,OFF,OFF,OFF,OFF,OFF,OFF,1
20:46:12,21,78,3,0,48,8,OFF,OFF,24,1,43,92,3,286,1,3,259,14,24,1,24,1,3,286,3,26,3,262,3,261,3,264,3,264,3,26,3,262,3,262,3,262,3,262,3,262,3,262,3,259,3,262,3,262,3,264,3,26,3,26,3,263,3,262,3,262,3,26,3,262,24,0,0,0,0,0,0,16,0,0,OFF,ON,OFF,OFF,OFF,OFF,OFF,OFF,1
20:46:14,24,78,3,0,48,8,OFF,OFF,24,1,43,92,3,286,1,3,259,14,24,1,24,1,3,286,3,26,3,262,3,261,3,264,3,264,3,26,3,262,3,262,3,262,3,262,3,262,3,262,3,259,3,262,3,262,3,264,3,26,3,26,3,263,3,262,3,262,3,26,3,262,24,0,0,0,0,0,0,16,0,0,OFF,ON,OFF,OFF,OFF,OFF,OFF,OFF,1
20:46:16,25,78,3,0,48,8,OFF,OFF,24,1,43,92,3,286,1,3,259,14,24,1,24,1,3,286,3,26,3,262,3,261,3,264,3,264,3,26,3,262,3,262,3,262,3,262,3,262,3,262,3,259,3,262,3,262,3,264,3,26,3,26,3,262,3,262,3,262,3,26,3,262,24,0,0,0,0,0,0,16,0,0,OFF,ON,OFF,OFF,OFF,OFF,OFF,OFF,1
20:46:18,27,78,3,0,48,8,OFF,OFF,24,1,43,92,3,286,1,3,259,14,24,1,24,1,3,286,3,26,3,262,3,261,3,264,3,264,3,26,3,262,3,262,3,262,3,262,3,262,3,262,3,259,3,262,3,262,3,264,3,26,3,26,3,262,3,262,3,262,3,26,3,262,24,0,0,0,0,0,0,16,0,0,OFF,ON,OFF,OFF,OFF,OFF,OFF,OFF,1
20:46:19,29,78,3,0,48,8,OFF,OFF,24,1,43,92,3,286,1,3,259,14,24,1,24,1,3,286,3,26,3,262,3,261,3,264,3,264,3,26,3,262,3,262,3,262,3,262,3,262,3,262,3,259,3,262,3,262,3,264,3,26,3,26,3,262,3,262,3,262,3,26,3,262,24,0,0,0,0,0,0,16,0,0,OFF,ON,OFF,OFF,OFF,OFF,OFF,OFF,1
20:46:21,30,78,3,0,48,8,OFF,OFF,24,1,43,92,3,286,1,3,259,14,24,1,24,1,3,286,3,26,3,262,3,261,3,264,3,264,3,26,3,262,3,262,3,262,3,262,3,262,3,262,3,259,3,262,3,262,3,264,3,261,3,26,3,262,3,262,3,262,3,26,3,262,24,0,0,0,0,0,0,16,0,0,OFF,ON,OFF,OFF,OFF,OFF,OFF,OFF,1
20:46:22,32,78,3,0,48,8,OFF,OFF,24,1,43,92,3,286,1,3,259,14,24,1,24,1,3,286,3,26,3,262,3,261,3,264,3,264,3,26,3,262,3,262,3,262,3,262,3,262,3,262,3,259,3,262,3,262,3,264,3,261,3,26,3,262,3,262,3,262,3,26,3,262,24,0,0,0,0,0,0,16,0,0,OFF,ON,OFF,OFF,OFF,OFF,OFF,OFF,1
20:46:24,34,78,3,0,48,8,OFF,OFF,24,1,43,92,3,286,1,3,259,14,24,1,24,1,3,286,3,26,3,262,3,261,3,264,3,264,3,26,3,262,3,262,3,262,3,262,3,262,3,262,3,259,3,262,3,262,3,264,3,261,3,26,3,262,3,262,3,262,3,26,3,262,24,0,0,0,0,0,0,16,0,0,OFF,ON,OFF,OFF,OFF,OFF,OFF,OFF,1
20:46:26,35,78,3,0,48,8,OFF,OFF,24,1,43,92,3,286,1,3,259,14,24,1,24,1,3,286,3,26,3,262,3,261,3,264,3,264,3,26,3,262,3,262,3,262,3,262,3,262,3,262,3,259,3,262,3,262,3,265,3,261,3,26,3,262,3,262,3,262,3,26,3,262,24,0,0,0,0,0,0,16,0,0,OFF,ON,OFF,OFF,OFF,OFF,OFF,OFF,1
20:46:28,38,78,3,0,48,8,OFF,OFF,24,1,43,92,3,286,1,3,259,14,24,1,24,1,3,286,3,26,3,262,3,261,3,264,3,264,3,26,3,262,3,262,3,262,3,262,3,262,3,262,3,259,3,262,3,262,3,265,3,261,3,26,3,262,3,262,3,262,3,26,3,262,24,0,0,0,0,0,0,16,0,0,OFF,ON,OFF,OFF,OFF,OFF,OFF,OFF,1
20:46:30,39,78,3,0,48,8,OFF,OFF,24,1,43,92,3,286,1,3,259,14,24,1,24,1,3,286,3,26,3,262,3,261,3,264,3,264,3,26,3,262,3,262,3,262,3,262,3,262,3,262,3,259,3,262,3,262,3,264,3,26,3,26,3,262,3,262,3,262,3,26,3,262,24,0,0,0,0,0,0,16,0,0,OFF,ON,OFF,OFF,OFF,OFF,OFF,OFF,1
20:46:32,41,78,3,0,48,8,OFF,OFF,24,1,43,92,3,286,1,3,259,14,24,1,24,1,3,286,3,26,3,262,3,261,3,264,3,264,3,26,3,262,3,262,3,262,3,262,3,262,3,262,3,259,3,262,3,262,3,264,3,26,3,26,3,262,3,262,3,262,3,26,3,262,24,0,0,0,0,0,0,16,0,0,OFF,ON,OFF,OFF,OFF,OFF,OFF,OFF,1
20:46:33,43,78,3,0,48,8,OFF,OFF,24,1,43,92,3,286,1,3,259,14,24,1,24,1,3,286,3,26,3,262,3,261,3,264,3,264,3,26,3,262,3,262,3,262,3,262,3,262,3,262,3,259,3,262,3,262,3,264,3,26,3,26,3,262,3,262,3,262,3,26,3,262,24,0,0,0,0,0,0,16,0,0,OFF,ON,OFF,OFF,OFF,OFF,OFF,OFF,1
20:46:35,45,78,3,0,48,8,OFF,OFF,24,1,43,92,3,286,1,3,259,14,24,1,24,1,3,286,3,26,3,262,3,261,3,264,3,264,3,26,3,262,3,262,3,262,3,262,3,262,3,262,3,259,3,262,3,262,3,264,3,26,3,26,3,262,3,262,3,262,3,26,3,262,24,0,0,0,0,0,0,16,0,0,OFF,ON,OFF,OFF,OFF,OFF,OFF,OFF,1
20:46:37,46,78,3,0,48,8,OFF,OFF,24,1,43,92,3,286,1,3,259,14,24,1,24,1,3,286,3,26,3,262,3,261,3,264,3,264,3,26,3,262,3,262,3,262,3,262,3,262,3,262,3,259,3,262,3,262,3,264,3,26,3,26,3,262,3,262,3,262,3,26,3,262,24,0,0,0,0,0,0,16,0,0,OFF,ON,OFF,OFF,OFF,OFF,OFF,OFF,1
20:46:38,48,78,3,0,48,8,OFF,OFF,24,1,43,92,3,286,1,3,259,14,24,1,24,1,3,286,3,26,3,262,3,261,3,264,3,264,3,26,3,262,3,262,3,262,3,262,3,262,3,262,3,259,3,262,3,262,3,264,3,26,3,26,3,262,3,262,3,262,3,26,3,262,24,0,0,0,0,0,0,16,0,0,OFF,ON,OFF,OFF,OFF,OFF,OFF,OFF,1
20:46:40,49,78,3,0,48,8,OFF,OFF,24,1,43,92,3,286,1,3,259,14,24,1,24,1,3,286,3,26,3,262,3,261,3,264,3,264,3,26,3,262,3,262,3,262,3,262,3,262,3,262,3,259,3,262,3,262,3,264,3,26,3,26,3,262,3,262,3,262,3,26,3,262,24,0,0,0,0,0,0,16,0,0,OFF,ON,OFF,OFF,OFF,OFF,OFF,OFF,1
20:46:41,51,78,3,0,48,8,OFF,OFF,24,1,43,92,3,286,1,3,259,14,24,1,24,1,3,286,3,26,3,262,3,261,3,264,3,264,3,26,3,262,3,262,3,262,3,262,3,262,3,262,3,259,3,262,3,262,3,264,3,26,3,26,3,262,3,262,3,262,3,26,3,262,24,0,0,0,0,0,0,16,0,0,OFF,ON,OFF,OFF,OFF,OFF,OFF,OFF,1
20:46:43,52,78,3,0,48,8,OFF,OFF,24,1,43,92,3,286,1,3,259,14,24,1,24,1,3,286,3,26,3,262,3,261,3,264,3,264,3,26,3,262,3,262,3,262,3,262,3,262,3,262,3,259,3,262,3,262,3,264,3,261,3,26,3,262,3,262,3,262,3,26,3,262,24,0,0,0,0,0,0,16,0,0,OFF,ON,OFF,OFF,OFF,OFF,OFF,OFF,1
20:46:44,54,78,3,0,48,8,OFF,OFF,24,1,43,92,3,286,1,3,259,14,24,1,24,1,3,286,3,26,3,262,3,261,3,264,3,264,3,26,3,262,3,262,3,262,3,262,3,262,3,262,3,259,3,262,3,262,3,264,3,261,3,26,3,262,3,262,3,262,3,26,3,262,24,0,0,0,0,0,0,16,0,0,OFF,ON,OFF,OFF,OFF,OFF,OFF,OFF,1
20:46:47,57,78,3,0,48,8,OFF,OFF,24,1,43,92,3,286,1,3,259,14,24,1,24,1,3,286,3,26,3,262,3,261,3,264,3,264,3,26,3,262,3,262,3,262,3,262,3,262,3,262,3,259,3,262,3,262,3,264,3,26,3,26,3,263,3,262,3,262,3,26,3,262,24,0,0,0,0,0,0,16,0,0,OFF,ON,OFF,OFF,OFF,OFF,OFF,OFF,1
20:46:48,58,78,3,0,48,8,OFF,OFF,24,1,43,92,3,286,1,3,259,14,24,1,24,1,3,286,3,26,3,262,3,261,3,264,3,264,3,26,3,262,3,262,3,262,3,262,3,262,3,262,3,259,3,262,3,262,3,264,3,26,3,26,3,263,3,262,3,262,3,26,3,262,24,0,0,0,0,0,0,16,0,0,OFF,ON,OFF,OFF,OFF,OFF,OFF,OFF,1
20:46:50,60,78,3,0,48,8,OFF,OFF,24,1,43,92,3,286,1,3,259,14,24,1,24,1,3,286,3,26,3,262,3,261,3,264,3,264,3,26,3,262,3,262,3,262,3,262,3,262,3,262,3,259,3,262,3,262,3,265,3,261,3,26,3,263,3,262,3,262,3,26,3,262,24,0,0,0,0,0,0,16,0,0,OFF,ON,OFF,OFF,OFF,OFF,OFF,OFF,1
20:46:52,61,78,3,0,48,8,OFF,OFF,24,1,43,92,3,286,1,3,259,14,24,1,24,1,3,286,3,26,3,262,3,261,3,264,3,264,3,26,3,262,3,262,3,262,3,262,3,262,3,262,3,259,3,262,3,262,3,264,3,26,3,26,3,262,3,262,3,262,3,26,3,262,24,0,0,0,0,0,0,16,0,0,OFF,ON,OFF,OFF,OFF,OFF,OFF,OFF,1
20:46:54,63,78,3,0,48,8,OFF,OFF,24,1,43,92,3,286,1,3,259,14,24,1,24,1,3,286,3,26,3,262,3,261,3,264,3,264,3,26,3,262,3,262,3,262,3,262,3,262,3,262,3,259,3,262,3,262,3,265,3,26,3,26,3,262,3,262,3,262,3,26,3,262,24,0,0,0,0,0,0,16,0,0,OFF,ON,OFF,OFF,OFF,OFF,OFF,OFF,1
20:46:55,65,78,3,0,48,8,OFF,OFF,24,1,43,92,3,286,1,3,259,14,24,1,24,1,3,286,3,26,3,262,3,261,3,264,3,264,3,26,3,262,3,262,3,262,3,262,3,262,3,262,3,259,3,262,3,262,3,265,3,26,3,26,3,262,3,262,3,262,3,26,3,262,24,0,0,0,0,0,0,16,0,0,OFF,ON,OFF,OFF,OFF,OFF,OFF,OFF,1
20:46:57,67,78,3,0,48,8,OFF,OFF,24,1,43,92,3,286,1,3,259,14,24,1,24,1,3,286,3,26,3,262,3,261,3,264,3,264,3,26,3,262,3,262,3,262,3,262,3,262,3,262,3,259,3,262,3,262,3,264,3,26,3,26,3,262,3,262,3,262,3,26,3,262,24,0,0,0,0,0,0,16,0,0,OFF,ON,OFF,OFF,OFF,OFF,OFF,OFF,1
20:46:59,69,78,3,0,48,8,OFF,OFF,24,1,43,92,3,286,1,3,259,14,24,1,24,1,3,286,3,26,3,262,3,261,3,264,3,264,3,26,3,262,3,262,3,262,3,262,3,262,3,262,3,259,3,262,3,262,3,264,3,261,3,26,3,262,3,262,3,262,3,26,3,262,24,0,0,0,0,0,0,16,0,0,OFF,ON,OFF,OFF,OFF,OFF,OFF,OFF,1
20:47:00,70,78,3,0,48,8,OFF,OFF,24,1,43,92,3,286,1,3,259,14,24,1,24,1,3,286,3,26,3,262,3,261,3,264,3,264,3,26,3,262,3,262,3,262,3,262,3,262,3,262,3,259,3,262,3,262,3,264,3,261,3,26,3,262,3,262,3,262,3,26,3,262,24,0,0,0,0,0,0,16,0,0,OFF,ON,OFF,OFF,OFF,OFF,OFF,OFF,1
20:47:02,72,78,3,0,48,8,OFF,OFF,24,1,43,92,3,286,1,3,259,14,24,1,24,1,3,286,3,26,3,262,3,261,3,264,3,264,3,26,3,262,3,262,3,262,3,262,3,262,3,262,3,259,3,262,3,262,3,264,3,261,3,26,3,262,3,262,3,262,3,26,3,262,24,0,0,0,0,0,0,16,0,0,OFF,ON,OFF,OFF,OFF,OFF,OFF,OFF,1
20:47:03,73,78,3,0,48,8,OFF,OFF,24,1,43,92,3,286,1,3,259,14,24,1,24,1,3,286,3,26,3,262,3,261,3,264,3,264,3,26,3,262,3,262,3,262,3,262,3,262,3,262,3,259,3,262,3,262,3,264,3,261,3,26,3,262,3,262,3,262,3,26,3,262,24,0,0,0,0,0,0,16,0,0,OFF,ON,OFF,OFF,OFF,OFF,OFF,OFF,1
20:47:05,75,78,3,0,48,8,OFF,OFF,24,1,43,92,3,286,1,3,259,14,24,1,24,1,3,286,3,26,3,262,3,261,3,264,3,264,3,26,3,262,3,262,3,262,3,262,3,262,3,262,3,259,3,262,3,262,3,264,3,26,3,26,3,262,3,262,3,262,3,26,3,262,24,0,0,0,0,0,0,16,0,0,OFF,ON,OFF,OFF,OFF,OFF,OFF,OFF,1
20:47:06,76,78,3,0,48,8,OFF,OFF,24,1,43,92,3,286,1,3,259,14,24,1,24,1,3,286,3,26,3,262,3,261,3,264,3,264,3,26,3,262,3,262,3,262,3,262,3,262,3,262,3,259,3,262,3,262,3,264,3,26,3,26,3,262,3,262,3,262,3,26,3,262,24,0,0,0,0,0,0,16,0,0,OFF,ON,OFF,OFF,OFF,OFF,OFF,OFF,1
20:47:08,78,78,3,0,48,8,OFF,OFF,24,1,43,92,3,286,1,3,259,14,24,1,24,1,3,286,3,26,3,262,3,261,3,264,3,264,3,26,3,262,3,262,3,262,3,262,3,262,3,262,3,259,3,262,3,262,3,264,3,261,3,26,3,263,3,262,3,262,3,26,3,262,24,0,0,0,0,0,0,16,0,0,OFF,ON,OFF,OFF,OFF,OFF,OFF,OFF,1
20:47:10,80,78,3,0,48,8,OFF,OFF,24,1,43,92,3,286,1,3,259,14,24,1,24,1,3,286,3,26,3,262,3,261,3,264,3,264,3,26,3,262,3,262,3,262,3,262,3,262,3,262,3,259,3,262,3,262,3,264,3,26,3,26,3,262,3,262,3,262,3,26,3,262,24,0,0,0,0,0,0,16,0,0,OFF,ON,OFF,OFF,OFF,OFF,OFF,OFF,1
20:47:11,81,78,3,0,48,8,OFF,OFF,24,1,43,92,3,286,1,3,259,14,24,1,24,1,3,286,3,26,3,262,3,261,3,264,3,264,3,26,3,262,3,262,3,262,3,262,3,262,3,262,3,259,3,262,3,262,3,264,3,26,3,26,3,262,3,262,3,262,3,26,3,262,24,0,0,0,0,0,0,16,0,0,OFF,ON,OFF,OFF,OFF,OFF,OFF,OFF,1
20:47:13,83,78,3,0,48,8,OFF,OFF,24,1,43,92,3,286,1,3,259,14,24,1,24,1,3,286,3,26,3,262,3,261,3,264,3,264,3,26,3,262,3,262,3,262,3,262,3,262,3,262,3,259,3,262,3,262,3,264,3,26,3,26,3,262,3,262,3,262,3,26,3,262,24,0,0,0,0,0,0,16,0,0,OFF,ON,OFF,OFF,OFF,OFF,OFF,OFF,1
20:47:14,84,78,3,0,48,8,OFF,OFF,24,1,43,92,3,286,1,3,259,14,24,1,24,1,3,286,3,26,3,262,3,261,3,264,3,264,3,26,3,262,3,262,3,262,3,262,3,262,3,262,3,259,3,262,3,262,3,264,3,26,3,26,3,262,3,262,3,262,3,26,3,262,24,0,0,0,0,0,0,16,0,0,OFF,ON,OFF,OFF,OFF,OFF,OFF,OFF,1
20:47:17,87,78,3,0,48,8,OFF,OFF,24,1,43,92,3,286,1,3,259,14,24,1,24,1,3,286,3,26,3,262,3,261,3,264,3,264,3,26,3,262,3,262,3,262,3,262,3,262,3,262,3,258,3,262,3,262,3,265,3,261,3,26,3,263,3,262,3,262,3,26,3,262,24,0,0,0,0,0,0,16,0,0,OFF,ON,OFF,OFF,OFF,OFF,OFF,OFF,1
20:47:18,88,78,3,0,48,8,OFF,OFF,24,1,43,92,3,286,1,3,258,14,24,1,24,1,3,286,3,26,3,262,3,261,3,264,3,264,3,26,3,262,3,262,3,262,3,262,3,262,3,262,3,258,3,262,3,262,3,265,3,261,3,26,3,263,3,262,3,262,3,26,3,262,24,0,0,0,0,0,0,16,0,0,OFF,ON,OFF,OFF,OFF,OFF,OFF,OFF,1
20:47:20,90,78,3,0,48,8,OFF,OFF,24,1,43,92,3,286,1,3,259,14,24,1,24,1,3,286,3,26,3,262,3,261,3,264,3,264,3,26,3,262,3,262,3,262,3,262,3,262,3,262,3,259,3,262,3,262,3,264,3,26,3,26,3,263,3,262,3,262,3,26,3,262,24,0,0,0,0,0,0,16,0,0,OFF,ON,OFF,OFF,OFF,OFF,OFF,OFF,1
20:47:21,91,78,3,0,48,8,OFF,OFF,24,1,43,92,3,286,1,3,259,14,24,1,24,1,3,286,3,26,3,262,3,261,3,264,3,264,3,26,3,262,3,262,3,262,3,262,3,262,3,262,3,259,3,262,3,262,3,264,3,26,3,26,3,263,3,262,3,262,3,26,3,262,24,0,0,0,0,0,0,16,0,0,OFF,ON,OFF,OFF,OFF,OFF,OFF,OFF,1
20:47:24,93,78,3,0,48,8,OFF,OFF,24,1,43,92,3,286,1,3,259,14,24,1,24,1,3,286,3,26,3,261,3,261,3,264,3,264,3,26,3,262,3,262,3,262,3,262,3,262,3,262,3,259,3,262,3,262,3,265,3,26,3,26,3,262,3,262,3,262,3,26,3,262,24,0,0,0,0,0,0,16,0,0,OFF,ON,OFF,OFF,OFF,OFF,OFF,OFF,1
20:47:25,95,78,3,0,48,8,OFF,OFF,24,1,43,92,3,286,1,3,259,14,24,1,24,1,3,286,3,26,3,261,3,261,3,264,3,264,3,26,3,262,3,262,3,262,3,262,3,262,3,262,3,259,3,262,3,262,3,265,3,26,3,26,3,262,3,262,3,262,3,26,3,262,24,0,0,0,0,0,0,16,0,0,OFF,ON,OFF,OFF,OFF,OFF,OFF,OFF,1
20:47:27,96,78,3,0,48,8,OFF,OFF,24,1,43,92,3,286,1,3,259,14,24,1,24,1,3,286,3,26,3,261,3,261,3,264,3,264,3,26,3,262,3,262,3,262,3,262,3,262,3,262,3,259,3,262,3,262,3,264,3,26,3,26,3,262,3,262,3,262,3,26,3,262,24,0,0,0,0,0,0,16,0,0,OFF,ON,OFF,OFF,OFF,OFF,OFF,OFF,1
20:47:29,98,78,3,0,48,8,OFF,OFF,24,1,43,92,3,286,1,3,259,14,24,1,24,1,3,286,3,26,3,261,3,261,3,264,3,264,3,26,3,262,3,262,3,262,3,262,3,262,3,262,3,259,3,262,3,262,3,264,3,26,3,26,3,262,3,262,3,262,3,26,3,262,24,0,0,0,0,0,0,16,0,0,OFF,ON,OFF,OFF,OFF,OFF,OFF,OFF,1
20:47:30,99,78,3,0,48,8,OFF,OFF,24,1,43,92,3,286,1,3,259,14,24,1,24,1,3,286,3,26,3,261,3,261,3,264,3,264,3,26,3,262,3,262,3,262,3,262,3,262,3,262,3,259,3,262,3,262,3,264,3,26,3,26,3,262,3,262,3,262,3,26,3,262,24,0,0,0,0,0,0,16,0,0,OFF,ON,OFF,OFF,OFF,OFF,OFF,OFF,1
20:47:32,101,78,3,0,48,8,OFF,OFF,24,1,43,92,3,286,1,3,259,14,24,1,24,1,3,286,3,26,3,261,3,261,3,264,3,264,3,26,3,262,3,262,3,262,3,262,3,262,3,262,3,258,3,262,3,262,3,264,3,26,3,26,3,262,3,262,3,262,3,26,3,262,24,0,0,0,0,0,0,16,0,0,OFF,ON,OFF,OFF,OFF,OFF,OFF,OFF,1
20:47:34,103,78,3,0,48,8,OFF,OFF,24,1,43,92,3,286,1,3,259,14,24,1,24,1,3,286,3,26,3,261,3,261,3,264,3,264,3,26,3,262,3,262,3,262,3,262,3,262,3,262,3,259,3,262,3,262,3,264,3,26,3,26,3,262,3,262,3,262,3,26,3,262,24,0,0,0,0,0,0,16,0,0,OFF,ON,OFF,OFF,OFF,OFF,OFF,OFF,1
20:47:35,104,78,3,0,48,8,OFF,OFF,24,1,43,92,3,286,1,3,259,14,24,1,24,1,3,286,3,26,3,261,3,261,3,264,3,264,3,26,3,262,3,262,3,262,3,262,3,262,3,262,3,259,3,262,3,262,3,264,3,26,3,26,3,262,3,262,3,262,3,26,3,262,24,0,0,0,0,0,0,16,0,0,OFF,ON,OFF,OFF,OFF,OFF,OFF,OFF,1
